date,pm10,no,no2,nox,ozone,pm25
2024-01-01,7.292708333333334,3.740178333333333,10.811174999999999,16.546034583333334,53.14452333333333,4.316041666666667
2024-01-02,12.592708333333334,6.596162083333333,21.75412125,31.86809458333333,43.77304791666666,8.411958333333333
2024-01-03,7.280208333333333,13.079229583333335,30.9909325,51.04547083333333,24.58799541666667,5.450083333333333
2024-01-04,5.985416666666667,4.6901279166666665,16.039608333333334,23.231035000000002,40.02071625,4.3937083333333335
2024-01-05,11.105208333333332,8.709415833333333,23.852978750000002,37.20723,26.214352083333335,6.502624999999999
2024-01-06,8.903260869565218,5.6136670833333335,24.838247083333332,33.44574958333333,20.830812916666666,6.3494782608695655
2024-01-07,7.5687500000000005,1.8649720833333332,22.025770833333336,24.885355,24.73282125,5.424541666666666
2024-01-08,9.997916666666667,4.898274583333333,13.71761375,21.228195833333334,58.69090541666666,5.349916666666666
2024-01-09,9.780208333333333,5.008680833333334,8.812989166666666,16.49286125,71.21461541666666,3.6606666666666663
2024-01-10,7.95625,3.364793043478261,12.968441739130435,18.127717826086954,65.41807708333333,3.2901249999999997
2024-01-11,12.603125,1.0627275,9.497935833333333,11.127427500000001,68.167015,5.447166666666667
2024-01-12,7.552083333333333,3.523879583333333,13.701711666666666,19.104918333333334,48.673599583333335,5.323333333333333
2024-01-13,4.640625,4.2943533333333335,13.232242916666666,19.816824999999998,51.57914541666667,3.0925833333333332
2024-01-14,4.3687499999999995,1.1364604166666668,8.089950416666667,9.832498333333334,59.0436175,2.6414166666666667
2024-01-15,7.560416666666666,2.34626875,12.15982625,15.757385833333332,61.405196249999996,3.07975
2024-01-16,4.689583333333333,5.218706249999999,14.843449583333333,22.845354166666667,55.42225291666667,3.219375
2024-01-17,5.4386363636363635,2.806426,15.591444999999998,19.894571,49.3528315,3.538772727272727
2024-01-18,4.673958333333333,1.46205375,10.387722083333333,12.629506666666666,57.28490708333334,2.501958333333333
2024-01-19,5.6499999999999995,2.1597566666666665,8.689475,12.001052916666666,66.90930833333333,2.88725
2024-01-20,5.570833333333333,1.3796316666666666,6.214167499999999,8.329570833333333,67.18787541666667,3.6595
2024-01-21,4.51875,0.8925345833333335,3.51291125,4.881445,71.90618083333334,3.1642499999999996
2024-01-22,9.503124999999999,3.060396363636364,5.089387727272727,9.78192909090909,78.83665913043478,5.354833333333333
2024-01-23,11.466666666666667,1.9525083333333333,6.111081666666667,9.104885,68.81215208333333,6.784541666666667
2024-01-24,15.850000000000001,3.4426320833333333,7.412504583333333,12.691132916666666,76.67091458333333,9.173458333333334
2024-01-25,11.713541666666666,2.284123333333333,10.351105416666668,13.85337875,52.828536250000006,8.001166666666668
2024-01-26,8.492708333333335,3.758159565217391,7.773461304347826,13.535890434782607,67.90092208333333,4.3180000000000005
2024-01-27,9.142708333333333,2.2770691666666667,7.257348749999999,10.748805833333334,63.39119458333334,5.457999999999999
2024-01-28,12.441666666666668,1.235115,7.4363962500000005,9.33021125,51.863255,8.592791666666667
2024-01-29,5.991666666666667,2.6988083333333335,13.459935833333333,17.59805125,66.53442125,3.25975
2024-01-30,5.061458333333333,3.1159533333333336,10.508966666666668,15.28669375,65.53865041666667,2.907833333333333
2024-01-31,7.248958333333333,2.46084375,5.848575,9.621815833333333,76.24128541666666,3.8394583333333334
2024-02-01,11.013541666666667,5.419969166666667,10.417044166666667,18.72754625,63.793800000000005,5.849041666666667
2024-02-02,2.2125,0.8004304166666666,3.0883129166666667,4.315622916666666,70.31932166666667,1.32375
2024-02-03,6.555208333333333,3.341332083333333,5.8964695833333325,11.019774583333332,73.888715,3.5505416666666663
2024-02-04,10.417708333333334,3.22240375,5.036985416666666,9.97793375,72.97817625,5.231958333333334
2024-02-05,15.155208333333334,4.180223750000001,5.8332258333333336,12.242813333333332,68.25294166666667,7.3457083333333335
2024-02-06,7.233333333333333,1.7811991666666669,7.1999025,9.931036666666666,65.87057458333334,3.483708333333333
2024-02-07,8.602083333333333,4.469534166666667,18.231949166666666,25.085139583333333,44.26365708333333,4.479208333333333
2024-02-08,7.808333333333334,3.9773775,11.258208333333334,17.35676875,57.17888416666667,4.527416666666666
2024-02-09,9.573958333333334,4.9293375,7.783224166666667,15.341435833333334,61.231265,5.439291666666667
2024-02-10,7.234375,10.043716666666667,19.914109166666666,35.31425958333333,27.104102083333334,5.920875
2024-02-11,5.857291666666666,4.232015,13.160465833333333,19.64946541666667,33.885324583333336,4.587375
2024-02-12,5.679166666666667,4.073067083333333,9.282747916666667,15.528030416666667,66.95573625,2.9490833333333337
2024-02-13,11.813541666666666,11.148120833333335,21.380328333333335,38.47387333333334,51.42184458333333,7.6965
2024-02-14,10.745833333333332,7.462651666666667,18.66217083333333,30.10474375,32.884009999999996,9.145125
2024-02-15,6.1937500000000005,3.9926,10.8354625,16.95736375,36.67999791666667,4.498708333333333
2024-02-16,5.720833333333334,4.426621666666667,16.189371666666666,22.97676208333333,41.256247916666666,3.62025
2024-02-17,8.230208333333334,3.2304375000000003,11.681615416666666,16.634882083333334,44.01835208333333,6.01125
2024-02-18,6.785416666666666,2.6233958333333334,7.384659166666666,11.407145416666667,55.43403333333333,4.186333333333333
2024-02-19,13.475,4.50385,9.631420416666666,16.537225,60.17312833333333,7.769375
2024-02-20,8.171875,3.57478,7.008125416666666,12.48937625,69.42402750000001,4.788666666666667
2024-02-21,5.997916666666666,3.114876666666667,8.600722916666667,13.376799166666666,65.56914083333334,3.6871666666666667
2024-02-22,4.742708333333334,3.4965241666666667,10.094553750000001,15.455817083333331,68.239775,2.6601666666666666
2024-02-23,5.448958333333334,5.82840375,12.2657575,21.20252,59.63470375,2.982583333333333
2024-02-24,12.869791666666666,8.919838333333333,24.274662916666667,37.9515575,37.20040291666667,8.284166666666666
2024-02-25,19.609375,7.052309166666666,23.055848333333333,33.869234999999996,33.71970875,13.760833333333332
2024-02-26,9.364583333333334,2.099926956521739,13.301057826086957,16.52089869565217,65.24492826086957,4.902791666666666
2024-02-27,8.179166666666667,4.288925833333333,9.993185833333333,16.5694475,63.959415,4.776
2024-02-28,13.707291666666668,2.641176666666667,9.85883875,13.908584583333335,59.52313958333334,8.180125
2024-02-29,10.643749999999999,4.026144166666667,9.624785416666667,15.79811875,68.13513958333333,5.137583333333333
2024-03-01,12.291666666666666,6.063483333333333,15.054226666666667,24.35143791666667,52.78141625,7.682916666666666
2024-03-02,14.358333333333334,5.9511675,17.15370625,26.278702499999998,52.15706708333334,9.470416666666667
2024-03-03,13.809375000000001,2.8404283333333336,13.502917916666666,17.85817875,47.680600416666664,11.267791666666668
2024-03-04,22.779166666666665,8.4776975,18.532387916666668,31.531341666666666,43.969845,15.191666666666668
2024-03-05,16.134375000000002,6.245224166666667,16.831675833333332,26.40755125,54.6766375,9.358375
2024-03-06,29.385416666666668,5.482500833333333,10.403218749999999,18.8096025,52.84378125,18.704833333333333
2024-03-07,25.83020833333333,4.739475416666667,10.080474583333332,17.34756625,58.456687499999994,17.729
2024-03-08,31.507291666666664,3.0067233333333334,7.565130416666666,12.175372916666667,80.61311583333334,21.181333333333335
2024-03-09,46.94583333333333,3.52168375,9.74924,15.149077499999999,69.40531875,32.823458333333335
2024-03-10,48.89270833333333,2.3427237499999998,7.395428333333334,10.987553750000002,66.5857,32.672125
2024-03-11,34.112500000000004,8.521737916666668,21.279504166666666,34.3459875,46.7832275,21.907458333333334
2024-03-12,22.787499999999998,5.614568333333334,18.730582916666666,27.339466666666667,39.919545,16.346333333333334
2024-03-13,2.0614583333333334,2.772596666666667,9.96365375,14.214907083333335,62.287322499999995,1.0671666666666666
2024-03-14,5.027083333333334,2.1002933333333336,10.687701666666667,13.9081075,58.357596666666666,3.519083333333333
2024-03-15,5.184375,2.9747966666666668,9.997515416666667,14.558802083333333,69.76911875,3.0375
2024-03-16,10.110416666666667,4.2511945833333336,12.807735416666667,19.326140416666664,56.58017583333333,5.259416666666667
2024-03-17,10.061458333333333,2.30182375,10.1750825,13.704497916666668,49.595225,8.25575
2024-03-18,6.867708333333333,3.677785833333333,10.086585416666667,15.725777916666667,70.71430416666666,3.7726666666666664
2024-03-19,6.329166666666667,6.080085,15.144435416666667,24.4671,57.19205125,3.455208333333333
2024-03-20,12.871391304347828,2.101565,20.683502999999998,23.905855,14.389827499999999,9.508869565217392
2024-03-21,9.029166666666667,4.747483846153846,8.13003,15.409403076923077,66.74849076923077,7.016583333333333
2024-03-22,12.927083333333334,3.4372970833333336,6.0979279166666664,11.368375833333333,78.08869375,6.526125
2024-03-23,7.221875,0.6230954166666667,3.0700604166666667,4.025459166666667,78.68740333333334,4.065458333333333
2024-03-24,10.539583333333333,2.4149241666666668,12.055426666666667,15.758256666666668,63.687085833333335,5.821666666666666
2024-03-25,22.467708333333334,6.454345833333334,15.980849583333333,25.877374583333335,49.34368375,12.504083333333334
2024-03-26,11.461458333333333,1.98954125,11.059699583333334,14.110285833333334,65.66476791666666,6.477
2024-03-27,10.806249999999999,2.7851016666666664,9.457282083333334,13.727710416666667,70.53413666666667,7.515791666666666
2024-03-28,13.773958333333333,3.3725604545454546,9.235309545454545,14.406494090909092,73.72810130434782,7.285708333333333
2024-03-29,4.851041666666666,1.6977758333333333,6.457057083333333,9.06027625,73.72448583333333,3.1967916666666665
2024-03-30,9.74375,2.2786891666666667,13.049597083333333,16.543538333333334,63.577597499999996,6.151791666666667
2024-03-31,14.259375,3.3139925,13.671506666666666,18.75289125,58.327799166666665,9.185333333333334
2024-04-01,7.825,1.16352375,9.616071666666667,11.400116250000002,65.26008333333333,4.397708333333333
2024-04-02,23.613541666666666,8.97691652173913,24.479447826086954,38.24386173913044,24.812511666666666,17.67983333333333
2024-04-03,9.065624999999999,3.7177070833333334,13.39643375,19.0968375,63.41960541666666,6.40825
2024-04-04,6.886458333333334,2.8483191666666667,10.471565,14.838925416666667,63.43346458333334,2.579708333333333
2024-04-05,10.09375,0.9941445833333332,4.241605416666666,5.765935416666667,75.63841583333333,6.205916666666667
2024-04-06,8.230208333333334,1.1798845833333333,4.637027916666667,6.4461587499999995,77.06866958333333,4.937125
2024-04-07,8.151041666666666,0.500465,1.9107429166666667,2.6781116666666667,91.34831791666666,4.8073749999999995
2024-04-08,11.24375,3.9737054166666668,11.169995833333333,17.26292666666667,68.68326375,5.953291666666666
2024-04-09,5.305208333333334,1.1174950000000001,8.699727916666665,10.41319375,66.07846041666666,3.631083333333333
2024-04-10,5.957291666666666,1.4077241666666669,6.192020416666666,8.350500833333333,63.85408636363636,3.3383749999999996
2024-04-11,6.2437499999999995,2.5008875,6.363305,10.197944583333333,63.9649575,3.731375
2024-04-12,4.416666666666667,2.3231329166666668,4.9233529166666665,8.485439583333333,69.49956083333333,2.5265416666666667
2024-04-13,3.959375,2.55216875,5.436800833333333,9.350071250000001,72.97194041666667,1.9860833333333332
2024-04-14,7.707291666666666,2.1147045833333333,4.678466666666666,7.920970416666667,82.10088083333333,3.8571666666666666
2024-04-15,3.9479166666666665,1.1684954166666668,4.141767083333334,5.933432916666667,83.6953625,1.9694583333333335
2024-04-16,6.153125,2.02988625,7.406715416666667,10.519161666666667,79.53141833333333,2.7477083333333336
2024-04-17,7.2562500000000005,0.65151125,6.348325,7.347294166666667,75.56080583333333,3.2823333333333333
2024-04-18,4.60625,4.331794166666667,10.888130833333333,17.53012125,60.405267083333335,2.425333333333333
2024-04-19,10.894791666666668,0.6891474999999999,5.681451666666667,6.7381287500000004,79.82592208333334,5.1671249999999995
2024-04-20,15.008333333333333,1.7211941666666668,7.335398333333334,9.974522916666666,74.50474833333334,6.114416666666667
2024-04-21,12.442708333333334,2.0358420833333333,6.41687125,9.538452916666666,83.81801541666667,5.088541666666667
2024-04-22,11.44375,3.3107775,12.049413333333334,17.125865833333332,58.15248208333333,7.324041666666666
2024-04-23,17.222916666666666,0.46585375,3.7464662499999997,4.46076625,88.01799375,8.2655
2024-04-24,13.53125,1.87714875,7.935559583333333,10.813812083333334,89.10592791666666,5.953291666666666
2024-04-25,7.533333333333334,0.7567983333333334,6.0259962499999995,7.186402916666666,84.33357124999999,3.7933333333333334
2024-04-26,6.944791666666667,3.45714375,13.52948,18.830358333333333,72.58319458333334,3.761833333333333
2024-04-27,9.476041666666667,3.9956245833333335,15.764530833333334,21.891069166666668,65.74445708333333,6.188083333333334
2024-04-28,4.910416666666666,1.3123120833333333,6.20102125,8.213204166666667,86.5080525,2.8970000000000002
2024-04-29,7.229166666666667,1.3875633333333333,5.534631666666667,7.6621983333333334,75.29956458333334,3.82975
2024-04-30,17.166666666666668,3.4901175,12.133033750000001,17.484472083333333,71.62207,9.383833333333333
2024-05-01,31.54895833333333,5.6558175,17.1330675,25.805199583333334,55.54975625,22.562833333333334
2024-05-02,35.22083333333333,1.0435916666666667,7.5549325,9.155082083333333,89.71364458333333,19.327833333333334
2024-05-03,36.469791666666666,1.1466133333333333,9.464443333333334,11.222555416666667,84.20191125000001,18.742208333333334
2024-05-04,12.367708333333333,2.7028191666666666,8.3802675,12.524529583333333,62.31781208333334,7.929458333333333
2024-05-05,5.617708333333333,3.3160095833333334,11.459515833333333,16.54398791666667,44.35443333333333,3.90725
2024-05-06,11.392708333333333,2.40551875,8.636967083333333,12.325378749999999,49.31527166666667,8.641916666666667
2024-05-07,13.428125,3.0123654166666665,9.644375833333333,14.263269583333333,70.27705250000001,8.558458333333332
2024-05-08,16.15625,4.188,12.180213333333333,18.6017225,56.09926708333333,12.064791666666666
2024-05-09,13.809375000000001,4.08581,17.47737,23.742190434782607,48.668327391304345,9.143125
2024-05-10,19.617708333333333,2.9758904166666666,13.298039166666667,17.861007083333334,58.955612083333335,12.340791666666666
2024-05-11,15.712499999999999,3.8486433333333334,11.226299166666665,17.12746625,60.81687958333333,9.177458333333334
2024-05-12,21.355208333333334,2.7551662500000003,10.218075416666666,14.442603749999998,63.023237916666666,14.561833333333333
2024-05-13,33.984375,3.8653825000000004,14.282092916666668,20.20893,70.07193875,22.141333333333336
2024-05-14,38.39479166666667,5.443337916666667,17.899844583333334,26.2461775,60.64502791666666,27.160041666666668
2024-05-15,14.997916666666667,6.455156250000001,17.938260833333334,27.83602833333333,38.391587083333334,10.09925
2024-05-16,21.528125,1.8894983333333333,13.1750325,16.072221666666668,73.42235958333333,12.54925
2024-05-17,23.51875,3.920643333333333,14.092779166666666,20.104348333333334,81.7911325,15.625041666666666
2024-05-18,21.90833333333333,1.01603625,8.701499583333334,10.259399583333334,88.24805416666668,14.87825
2024-05-19,9.742708333333333,0.5640770833333334,6.535575000000001,7.4004825,92.33300208333333,7.1522499999999996
2024-05-20,7.546875,3.594925,11.163355833333334,16.675495,69.84465166666666,3.6122916666666662
2024-05-21,12.879166666666668,2.88854125,14.45262375,18.881656666666668,55.65924291666667,8.344125
2024-05-22,6.171875,1.2832112500000001,10.164529166666666,12.132091666666668,79.6041775,4.432041666666667
2024-05-23,7.963541666666667,4.157249583333333,17.160463333333333,23.53482375,45.25665625,4.192291666666667
2024-05-24,5.527083333333334,3.3100020833333335,9.078396249999999,14.15366,43.95182916666667,3.1220833333333338
2024-05-25,13.492708333333333,3.487390833333334,8.57189625,13.919152500000001,57.367367083333335,9.725875
2024-05-26,11.829166666666666,2.03031125,8.210205833333333,11.323305,67.26409958333333,8.176125
2024-05-27,4.276041666666667,2.4631945833333333,7.678283333333333,11.455127083333332,54.83255166666667,2.017541666666667
2024-05-28,6.770833333333333,3.43331,8.824424166666667,14.088757916666665,52.22428208333333,3.810916666666667
2024-05-29,4.4781249999999995,3.5228099999999998,11.0969125,16.498479166666666,50.99360166666667,2.0745833333333334
2024-05-30,8.645833333333334,2.273805,8.858914166666667,12.345366666666665,73.00520208333333,4.268916666666667
2024-05-31,18.599999999999998,0.95688125,6.2228425,7.690037916666667,76.06458208333333,11.934958333333334
2024-06-01,12.797916666666666,1.4056508333333333,7.511785833333334,9.667085416666668,75.37648166666666,7.790916666666667
2024-06-02,13.701041666666667,2.8904775,11.392563333333333,15.824567916666666,53.24707916666667,8.716708333333333
2024-06-03,4.2593749999999995,3.6457262499999996,7.22145625,12.81148875,50.23759041666667,1.596
2024-06-04,7.9312499999999995,3.126526666666667,6.47525375,11.21314875,53.77995875,3.97025
2024-06-05,10.941666666666668,3.7555813636363635,6.267386363636363,12.025862727272727,56.31923304347826,5.543458333333334
2024-06-06,12.365625,3.1366754166666664,7.502953333333333,12.312455,58.05962666666667,7.852875
2024-06-07,11.894791666666668,3.0139266666666664,7.393797083333333,12.015084583333334,59.8301175,7.2435
2024-06-08,9.234375,2.8513974999999996,5.370697916666667,9.742777083333333,59.88070333333334,4.165708333333334
2024-06-09,6.6499999999999995,2.840985,6.876062083333333,11.232180833333333,59.4323625,3.418833333333333
2024-06-10,6.436458333333333,2.84262375,9.444804166666666,13.803432083333334,49.37902458333334,3.3363750000000003
2024-06-11,6.042708333333334,1.6460904166666666,6.121990833333334,8.64596,59.95623416666667,2.7939166666666666
2024-06-12,9.695833333333333,4.54691875,11.016335,17.988179166666665,54.94411708333333,4.98825
2024-06-13,10.388541666666667,2.81358125,8.429194583333333,12.743291666666666,58.8606775,6.15175
2024-06-14,5.529166666666666,2.5926412500000002,7.451970416666666,11.42729625,54.2657175,3.191875
2024-06-15,6.532291666666667,4.022529166666667,12.89320625,19.06099791666667,46.42081541666667,3.861
2024-06-16,4.002083333333333,2.4924925,7.083090416666667,10.904857916666666,55.504020833333335,2.056791666666667
2024-06-17,5.0562499999999995,4.432107916666666,11.893245833333333,18.689049583333333,55.64538375,2.795833333333333
2024-06-18,5.746875,3.661057083333333,9.98685625,15.600400416666666,48.70201,3.1367499999999997
2024-06-19,9.512500000000001,4.782145833333334,11.505347083333334,18.83786625,49.497519583333336,4.468375
2024-06-20,12.389583333333334,3.1643116666666664,12.875538749999999,17.7274125,57.87945875,6.9900416666666665
2024-06-21,11.098958333333334,2.3412804166666668,8.358516666666667,11.948429583333334,76.06527458333333,6.045541666666666
2024-06-22,7.067708333333333,3.0956513043478258,8.37611347826087,13.122712173913044,52.179932083333334,3.8532499999999996
2024-06-23,6.1343749999999995,2.1010408333333332,6.397915,9.619464583333334,57.66117916666667,3.9102083333333333
2024-06-24,10.945833333333333,3.4154191666666667,12.07306,17.3099625,53.65661333333333,5.7105
2024-06-25,13.207291666666668,2.9816186956521737,11.712034782608695,16.28378695652174,55.873364583333334,8.015958333333334
2024-06-26,12.544791666666667,3.096643333333333,8.098647916666666,12.84676625,58.036760416666674,8.436541666666667
2024-06-27,10.610416666666667,1.8045683333333333,4.91295125,7.679915833333333,61.304718333333334,4.126416666666667
2024-06-28,8.245833333333334,2.97804375,6.740327083333334,11.3065975,60.712244999999996,3.4600416666666667
2024-06-29,7.463541666666667,3.8977275000000002,10.71596875,16.692400833333334,46.01682416666667,4.081125
2024-06-30,12.947916666666666,3.5082870833333337,10.107010833333334,15.48630625,40.1045625,5.892291666666666
2024-07-01,5.653125,4.042517083333333,7.727748333333333,13.926188333333334,40.5529025,2.8538333333333337
2024-07-02,8.575000000000001,4.359692083333333,9.219769583333333,15.904536666666667,40.220978333333335,4.396583333333333
2024-07-03,4.703125,3.825805,6.631891363636364,12.498044090909092,50.60082272727273,2.3093333333333335
2024-07-04,10.384375,2.7521804166666666,4.31527625,8.535227083333334,56.081943333333335,4.029083333333333
2024-07-05,7.423958333333334,3.3424245833333335,6.679055833333333,11.804035833333332,54.47221666666667,3.506375
2024-07-06,5.3062499999999995,5.230605833333334,12.285712916666666,20.3058625,42.737777916666666,2.6484166666666664
2024-07-07,4.322916666666667,2.919635,8.408198333333333,12.884909166666667,41.49739541666667,2.4145416666666666
2024-07-08,6.808333333333334,4.546005416666667,9.073632083333333,16.044076666666665,48.800409583333334,3.3175833333333333
2024-07-09,8.215625000000001,4.469292173913043,10.97764652173913,17.830465652173913,58.34928,5.26625
2024-07-10,5.10625,5.432299166666667,14.074530416666667,22.403940416666668,43.64000166666667,2.294583333333333
2024-07-11,6.239583333333333,2.5462483333333332,8.975997916666666,12.880191250000001,45.77498458333333,2.891083333333333
2024-07-12,7.997916666666666,2.0624808695652175,7.408189565217391,10.570616086956521,52.77864416666667,3.523
2024-07-13,4.5625,4.941885,12.7394125,20.31686291666667,43.28451625,2.6729583333333333
2024-07-14,6.1937500000000005,4.593139130434783,12.229770434782608,19.27248391304348,35.85884958333333,2.824291666666667
2024-07-15,12.195833333333333,3.6910933333333333,10.818347916666667,16.477944166666667,37.42006916666667,6.945833333333333
2024-07-16,9.8125,3.8956458333333335,11.094630416666666,17.06787041666667,53.98091333333334,6.283458333333333
2024-07-17,6.258333333333333,2.956018333333333,9.71950375,14.252000833333334,41.602724583333334,3.0985
2024-07-18,10.005208333333334,3.3412583333333337,12.497555416666666,17.620745,49.55711208333333,6.1124583333333335
2024-07-19,12.153125000000001,2.2761400000000003,11.26552375,14.7555575,63.21033375,6.5645
2024-07-20,7.4906250000000005,2.81609875,9.824816666666667,14.142772916666667,42.198663333333336,4.527291666666667
2024-07-21,4.48125,2.6909191666666668,6.755350833333334,10.88136625,42.89369250000001,2.2562083333333334
2024-07-22,6.802083333333333,4.066457083333334,9.764627916666667,15.999775833333333,29.05961041666667,4.038875
2024-07-23,8.201041666666667,2.795575833333333,7.852016250000001,12.13850625,51.697639583333334,5.021583333333333
2024-07-24,11.883333333333333,3.652191666666667,9.37116625,14.97111375,45.00650125000001,6.020083333333333
2024-07-25,4.370833333333334,2.7030049999999997,5.57742375,9.72197375,41.66162333333333,2.1050833333333334
2024-07-26,6.0125,3.8883720833333335,8.46363875,14.425725,40.82869708333333,3.0975
2024-07-27,6.820833333333333,3.49265375,10.046120833333333,15.401449583333333,38.71658083333333,4.066416666666666
2024-07-28,6.757291666666667,2.075041666666667,6.797821666666667,9.979505833333333,49.0768975,4.116499999999999
2024-07-29,9.241666666666667,2.584485416666667,10.458334583333334,14.421154166666668,51.49044791666666,5.210416666666666
2024-07-30,7.488541666666666,3.9495466666666665,12.4140325,18.46992,43.45151833333333,4.388791666666667
2024-07-31,11.464583333333332,3.479297916666667,9.830638333333333,15.165487916666669,47.00566583333333,6.042666666666666
2024-08-01,15.020833333333334,4.02991,14.739993636363636,20.919101363636365,41.3189452173913,10.04325
2024-08-02,13.135416666666666,2.1148824999999998,8.798115416666667,12.040889166666666,51.89998166666666,8.629166666666666
2024-08-03,9.652083333333334,2.621460416666667,7.084042916666667,11.1035575,46.18729083333333,5.102291666666667
2024-08-04,7.635416666666667,1.5118262500000001,4.79692125,7.11501875,47.57180666666667,4.598208333333333
2024-08-05,7.9375,2.02389125,5.094128333333333,8.197381666666667,43.21868625,3.76375
2024-08-06,6.516666666666667,2.77735125,5.596184999999999,9.854730416666667,52.687868333333334,3.2420416666666667
2024-08-07,9.370833333333334,2.2729804166666665,5.055384583333333,8.540572916666667,55.37166666666667,4.4005833333333335
2024-08-08,8.345833333333333,1.7576058333333335,6.086984999999999,8.781941250000001,51.15020833333333,4.198166666666666
2024-08-09,7.989583333333333,2.5910395833333335,4.632778333333333,8.605649166666668,50.73720875,3.5200833333333335
2024-08-10,10.0375,3.0225416666666667,7.740331666666666,12.374831666666667,46.70146041666666,6.263791666666666
2024-08-11,9.553125,2.2040354166666667,5.917018333333334,9.296491666666666,47.84413583333333,5.329083333333333
2024-08-12,13.419791666666667,2.739797916666667,8.26559375,12.4665575,53.80005458333333,6.758125
2024-08-13,9.530208333333333,2.4302758333333334,7.72957,11.455940416666666,41.20774083333333,3.9897500000000004
2024-08-14,12.028409090909092,3.1729752380952383,7.384763809523809,12.24992380952381,53.04364714285715,6.2284999999999995
2024-08-15,5.452083333333333,2.2279158333333333,5.784617916666666,9.200709166666668,50.079597916666664,2.6494583333333335
2024-08-16,7.690625,2.41542125,5.099790416666667,8.803384583333333,48.46848541666666,3.6595833333333334
2024-08-17,8.803125,1.5023104166666668,3.4964991666666667,5.80000875,58.14693833333333,5.346916666666666
2024-08-18,16.682291666666668,1.321165,2.8475825,4.873340833333333,62.7592225,10.38725
2024-08-19,23.921875,1.6777583333333332,5.773705,8.34623,53.14660083333333,16.027916666666666
2024-08-20,5.833333333333333,1.8108691666666665,3.22779,6.004416249999999,58.96323291666667,2.6257916666666667
2024-08-21,9.846874999999999,1.7077029166666666,2.70384875,5.322291666666667,60.44822958333333,4.829083333333333
2024-08-22,7.294791666666666,1.6126770833333335,3.3399591666666666,5.812695000000001,61.729496250000004,3.4178333333333337
2024-08-23,7.198958333333334,1.82024,4.106209583333333,6.897203333333334,56.770043750000006,3.490625
2024-08-24,7.080208333333334,1.4497675,3.4706016666666666,5.693550833333333,59.821108333333335,4.1902083333333335
2024-08-25,13.380208333333334,1.1853895833333332,2.580156666666667,4.397727916666667,65.40421833333333,7.991416666666666
2024-08-26,13.563541666666666,1.3816341666666665,3.783674583333333,5.902148333333333,61.28947125,9.998083333333334
2024-08-27,12.321391304347825,1.466441,4.765972,7.014483,56.366885,8.056130434782608
2024-08-28,9.24204347826087,2.27624,9.390078888888889,12.880264444444444,63.557501111111115,5.768695652173913
2024-08-29,9.251041666666667,1.9110373913043477,5.1456860869565215,8.075902608695653,55.85534833333333,5.83625
2024-08-30,19.410416666666666,4.6894583333333335,12.663945416666666,19.854347083333334,47.41381375,14.329833333333333
2024-08-31,14.077083333333334,3.761597083333333,7.603504999999999,13.371207916666668,52.94841708333333,9.706166666666666
2024-09-01,17.55,3.133472083333333,5.983687499999999,10.788276666666667,65.93917541666666,9.340708333333334
2024-09-02,15.354166666666666,3.42690125,10.173428333333334,15.427934583333332,50.261151111111104,10.55725
2024-09-03,8.152083333333334,3.698874583333333,9.087,14.758527916666667,43.856894583333336,4.437875
2024-09-04,9.185416666666667,4.027701666666666,9.462615,15.6383375,54.84710375,5.135666666666666
2024-09-05,7.363541666666666,0.8135512500000001,3.7367716666666664,4.98419875,66.05836541666666,5.494291666666666
2024-09-06,43.9625,1.0834558333333333,6.620016666666667,8.281292500000001,84.16656958333333,24.3565
2024-09-07,24.909375,1.4743920833333333,8.648750416666667,10.909454166666668,80.545205,17.901083333333332
2024-09-08,9.601041666666667,2.023254166666667,12.509882083333332,15.612160416666667,61.69831416666667,7.26125
2024-09-09,9.85,5.232665416666666,10.4789,18.50220583333333,48.01252333333333,4.50675
2024-09-10,7.080208333333332,2.23294625,3.28071375,6.704515416666666,55.883064999999995,3.0876249999999996
2024-09-11,4.252083333333333,4.665122083333333,10.727021666666667,17.880106666666666,47.75128125,1.7384166666666667
2024-09-12,6.300333333333334,2.997937391304348,12.214319130434784,16.811091739130436,44.66101913043478,2.7667083333333333
2024-09-13,6.363541666666666,4.15625,12.631046666666668,19.00387375,44.3536419047619,3.012
2024-09-14,7.908333333333334,1.2836649999999998,4.076514166666667,6.044773333333333,67.61057541666666,3.7176666666666667
2024-09-15,2.308333333333333,1.4200791666666666,3.9350791666666667,6.112504166666667,57.13245666666666,1.0917916666666667
2024-09-16,6.814583333333334,6.461967916666667,12.738825833333335,22.647037083333334,35.97526583333333,3.638916666666667
2024-09-17,9.261458333333334,5.087750416666666,13.774703333333333,21.57581125,39.387357916666666,5.039333333333333
2024-09-18,8.015625,7.485650416666666,12.0609275,23.538762083333335,47.13732708333333,3.5347916666666666
2024-09-19,7.8875,4.283019166666667,9.619168333333333,16.186373749999998,65.67308333333334,4.416416666666667
2024-09-20,26.51354166666667,3.5523641666666665,12.152307083333334,17.59919,75.74236,16.827
2024-09-21,33.490625,1.9104379166666667,8.300232916666667,11.229529166666666,82.9885525,21.430958333333333
2024-09-22,34.190625000000004,1.28574625,6.5807625,8.55221,100.77453666666666,21.6245
2024-09-23,28.922916666666666,1.10756375,10.387080416666667,12.085320416666667,101.42036708333335,20.645666666666667
2024-09-24,14.867708333333333,4.9171241666666665,17.9799875,25.519470833333333,63.718266666666665,9.883958333333334
2024-09-25,5.8812500000000005,5.138443333333334,9.280236666666665,17.159070833333335,58.78168125,2.424208333333333
2024-09-26,14.388541666666667,1.6057986956521741,4.019424782608696,6.481615217391304,79.71574249999999,6.487791666666666
2024-09-27,9.278125000000001,4.29703625,12.142434999999999,18.731131666666666,60.82866041666667,4.016375
2024-09-28,3.967708333333333,3.0830908333333333,8.624737916666666,13.352079166666668,51.87988583333333,2.1404166666666664
2024-09-29,8.255208333333334,2.70488375,7.162221249999999,11.309650833333334,58.929280000000006,4.201083333333333
2024-09-30,19.108333333333334,3.2992054166666667,8.95208,14.010789583333333,65.694565,9.291416666666667
2024-10-01,25.352083333333336,0.93197625,6.162564166666667,7.591574166666667,69.70536666666666,12.109916666666665
2024-10-02,19.912499999999998,4.0408800000000005,8.601512083333335,14.797440833333333,70.35327625000001,7.639583333333333
2024-10-03,8.313541666666667,6.429597916666666,15.064741666666668,24.92331833333333,51.72120041666667,3.5977083333333333
2024-10-04,10.728125,2.44977,11.334873333333334,15.091135416666667,60.4905,6.655958333333333
2024-10-05,18.469791666666666,2.0459720833333335,11.800538333333334,14.9376525,61.389256249999995,13.876916666666666
2024-10-06,14.4125,3.1480295833333334,9.60149,14.428401666666666,49.88280041666667,8.948583333333334
2024-10-07,9.597916666666666,8.159385416666668,16.556363333333334,29.067243333333334,37.23782375,5.979791666666666
2024-10-08,10.689583333333333,6.2630625,15.284230833333334,24.887460416666666,47.846215416666666,7.245541666666667
2024-10-09,9.171875,0.8856691666666667,3.5633420833333336,4.9213466666666665,68.087465,4.655125
2024-10-10,8.213541666666666,6.849584166666666,18.227883333333335,28.73043125,49.11986083333333,4.046958333333333
2024-10-11,4.466666666666667,2.0848316666666666,6.877269583333334,10.073965833333334,60.21193333333333,2.1482083333333333
2024-10-12,5.802083333333333,1.7860525,5.984133333333333,8.722705833333334,57.96261333333334,3.6586250000000002
2024-10-13,5.6656249999999995,3.48900125,10.0496975,15.399423333333333,46.888555833333335,3.4010833333333337
2024-10-14,14.31875,12.73464,22.995869166666665,42.52204291666667,31.248644166666665,8.807958333333334
2024-10-15,21.278125,4.4923866666666665,14.798412083333332,21.686640833333332,42.94705,15.041458333333333
2024-10-16,23.693749999999998,10.30231,17.425691666666665,33.222348333333336,14.725910416666666,15.221166666666667
2024-10-17,7.977083333333333,2.1538633333333332,8.02594125,11.328484166666668,47.044471249999994,4.0408333333333335
2024-10-18,8.713541666666666,2.1570241666666665,8.300869583333332,11.60826125,46.235103333333335,5.237791666666666
2024-10-19,11.446875,4.2045433333333335,14.82901375,21.275890416666666,41.10310583333334,7.334
2024-10-20,12.603125,0.97426,4.134155416666666,5.627999166666666,60.7669875,7.268125
2024-10-21,9.207291666666666,1.67062125,4.533670833333333,7.09525375,69.29929666666666,4.903833333333333
2024-10-22,9.563541666666667,2.6036187500000003,8.823567083333334,12.815725833333333,59.00966333333333,5.3617083333333335
2024-10-23,12.357291666666667,3.1659437500000003,11.665787916666666,16.520164166666667,41.66162333333333,8.170291666666666
2024-10-24,16.912499999999998,3.4776269565217395,13.754680869565219,19.08696652173913,36.46726041666667,12.359458333333334
2024-10-25,19.370833333333334,8.700765833333334,18.19367625,31.53466125,23.385724166666666,15.314583333333333
2024-10-26,10.453125,2.3846545833333335,9.333252916666666,12.9896725,44.39462541666666,7.18075
2024-10-27,7.864583333333333,1.2606191666666666,5.2917854166666665,7.2247075,58.71585166666667,4.191291666666666
2024-10-28,3.6041666666666665,4.491611666666667,13.91959625,20.806635,33.036458333333336,2.1324166666666664
2024-10-29,3.203125,2.5414229166666664,8.250525833333333,12.14732,38.17053541666667,1.8367083333333334
2024-10-30,3.955208333333333,4.11223125,12.466003333333333,18.771336666666667,30.532825,2.4185833333333333
2024-10-31,4.592708333333333,2.7472100000000004,10.745242083333332,14.957571666666666,34.15557458333333,3.0345833333333334
2024-11-01,4.538541666666666,3.266211666666667,9.217045833333334,14.225168333333334,42.26171958333333,3.1182083333333335
2024-11-02,7.7250000000000005,2.592815416666667,8.873498333333332,12.849094166666667,45.51027666666667,5.202458333333333
2024-11-03,14.191666666666668,4.88707375,11.525115416666667,19.01852125,33.56656666666667,11.907458333333333
2024-11-04,21.155208333333334,12.469181666666666,26.980988749999998,46.10013416666666,35.611466666666665,14.982416666666667
2024-11-05,38.59166666666667,8.606652916666667,22.5784775,35.775162083333335,17.231623333333335,31.489041666666665
2024-11-06,31.253125,3.1655487499999997,17.151444166666668,22.00521625,29.81839125,23.654791666666668
2024-11-07,20.996875,1.9325291304347825,13.19825608695652,16.16142565217391,39.21619958333333,15.985750000000001
2024-11-08,37.965625,6.2453866666666675,21.217584166666665,30.793708749999997,28.36319416666667,28.792291666666667
2024-11-09,11.751041666666667,7.587295,19.109808333333334,30.74349875,24.759845416666664,8.870875
2024-11-10,11.393749999999999,2.310165,11.101886666666667,14.644090833333332,31.30269416666667,8.608625
2024-11-11,13.359375,3.2348274999999997,19.27030125,24.23029916666667,38.47266208333333,7.273083333333333
2024-11-12,17.944791666666667,13.911642083333334,29.702747916666667,51.03363375,20.12954625,10.534666666666666
2024-11-13,8.183333333333334,3.3212983333333335,14.971109583333332,20.063694166666668,30.459373333333332,5.6575
2024-11-14,14.870833333333332,14.756050833333333,28.761261666666666,51.38689166666666,24.674613750000002,9.162791666666667
2024-11-15,4.151041666666667,2.83223875,10.223680416666665,14.566387916666669,37.78317583333333,2.71825
2024-11-16,7.605208333333334,1.0887175,4.006465416666667,5.675808750000001,66.27456458333333,4.0408333333333335
2024-11-17,6.472916666666666,1.2322675,8.24272125,10.132170833333333,49.737280416666664,3.6664999999999996
2024-11-18,12.740625,8.58695304347826,30.868454347826088,44.03493043478261,31.478703333333332,7.446000000000001
2024-11-19,8.736458333333333,1.6688570833333334,16.700064583333333,19.2589425,46.03622708333333,5.0609166666666665
2024-11-20,5.773958333333333,1.50273375,10.053455416666667,12.357614583333332,51.9027525,2.8145000000000002
2024-11-21,3.93125,1.2425339130434783,6.277799565217391,8.182989565217392,61.139795,2.078375
2024-11-22,7.686458333333333,1.3649946153846153,7.187520769230769,9.28048,48.95322043478261,5.675250000000001
2024-11-23,6.570833333333333,2.940744,7.0879,11.596974,51.35809333333333,5.0049166666666665
2024-11-24,6.638541666666666,1.1807100000000001,3.5567012499999997,5.36709875,70.78429375,3.828708333333333
2024-11-25,8.714583333333334,1.5758654166666668,3.5102775000000004,5.926571249999999,67.86142333333333,4.838916666666667
2024-11-26,8.940217391304348,6.687927826086956,18.188865652173913,28.443545652173913,45.44483869565217,5.562
2024-11-27,8.411458333333334,5.710935416666666,20.989852083333332,29.746496250000003,31.243100833333333,5.878583333333334
2024-11-28,10.410416666666666,7.456250416666666,24.637235416666666,36.06999166666667,30.93057958333333,7.203333333333333
2024-11-29,13.61875,2.8867212500000003,18.7514625,23.17770625,31.504343333333335,10.881541666666665
2024-11-30,10.292708333333334,2.5453333333333332,11.147713333333334,15.050505000000001,39.926475,7.950208333333333
2024-12-01,6.534375,1.5543166666666668,6.272449166666667,8.6557,54.189492916666666,4.605916666666666
2024-12-02,7.264583333333333,1.0056525,8.68111125,10.2230875,53.75224083333333,3.811958333333333
2024-12-03,11.842708333333334,6.554805416666667,22.378286666666668,32.42884541666667,30.379682916666667,6.752291666666667
2024-12-04,11.041666666666666,3.592025833333333,16.843445,22.35114,39.428935,8.184958333333332
2024-12-05,7.057291666666667,2.9218975,8.81857125,13.298752083333333,61.72187333333333,4.387791666666667
2024-12-06,10.877083333333333,2.596304583333333,9.88143,13.862375416666666,55.71052041666667,5.808916666666666
2024-12-07,6.484375,1.2707583333333334,5.9510575,7.899522916666666,60.68521958333333,3.753
2024-12-08,19.287499999999998,0.7442387500000001,3.3495754166666667,4.490725,67.27657333333333,9.4635
2024-12-09,14.738541666666668,4.029164166666667,9.265099166666667,15.443061666666667,59.39883,5.832375
2024-12-10,9.378125,4.325305416666667,12.713835833333333,19.345876666666665,61.54933041666666,3.780583333333333
2024-12-11,11.047916666666666,2.7849862499999998,20.089978333333335,24.360230833333333,47.92382625,6.898666666666667
2024-12-12,16.3625,8.379507916666666,29.438397499999997,42.28679458333333,23.362163749999997,12.485333333333335
2024-12-13,7.861458333333334,5.957469166666667,25.635996666666667,34.77065416666667,23.378795,6.285458333333334
2024-12-14,3.997916666666667,1.6609524999999998,7.003075,9.549830833333333,55.032814583333334,2.7034583333333333
2024-12-15,1.3260416666666666,0.8934316666666667,3.1690079166666667,4.538914583333333,63.49028666666667,0.7145
2024-12-16,3.8552083333333336,1.1635545833333334,3.7533820833333333,5.53747375,69.17318041666667,2.123625
2024-12-17,8.723958333333334,2.0567241666666667,10.455714166666667,13.609314166666666,51.0642825,6.5527083333333325
2024-12-18,3.853125,1.3117145833333332,4.346406666666667,6.357672083333334,66.46859166666667,2.1677916666666666
2024-12-19,5.332291666666667,1.1403452173913045,7.4849886956521745,9.233493913043478,58.01268652173913,2.8164166666666666
2024-12-20,5.825,1.0763008333333335,5.411878333333333,7.0621849999999995,61.77800250000001,3.269458333333333
2024-12-21,8.59375,0.6411783333333333,2.21720125,3.200325416666667,68.96321541666667,4.920375
2024-12-22,8.303125,0.7067233333333333,2.24190125,3.3255274999999997,75.70840416666667,4.640291666666667
2024-12-23,9.564583333333333,1.8326783333333332,9.670952916666666,12.481020000000001,58.50935208333333,5.873666666666666
2024-12-24,1.6979166666666667,1.0096854166666667,4.697765833333333,6.2459275,58.20653166666667,1.1625833333333333
2024-12-25,4.4781249999999995,1.8130087499999998,11.387481666666666,14.16739,46.73333541666667,3.4767916666666667
2024-12-26,7.677083333333333,11.378303333333333,21.691803333333336,39.13829375,29.390149166666664,6.552666666666667
2024-12-27,12.439583333333333,12.072352083333334,22.62238041666667,41.133062083333336,12.250689166666668,11.252
2024-12-28,5.286458333333333,2.9430475,13.743173749999999,18.255782916666664,29.435882916666667,4.497875
2024-12-29,3.709375,0.9093820833333334,2.642805,4.037170833333334,74.37101,2.155125
2024-12-30,6.1812499999999995,0.8624329166666667,3.1255183333333334,4.447895833333333,70.80923958333334,3.525916666666667
2024-12-31,2.2479166666666663,0.5295616666666666,2.0081358333333332,2.8201170833333333,78.26054458333333,1.253
2025-01-01,4.667708333333334,0.6887175,3.8272933333333334,4.883312083333333,71.90063708333334,2.5128333333333335
2025-01-02,4.770833333333333,1.1832545833333332,9.167659583333334,10.981959166666668,56.361895000000004,2.7731666666666666
2025-01-03,7.378125,8.983617916666667,19.55503375,33.32971916666666,45.747265,5.2712916666666665
2025-01-04,10.4,2.928880416666667,16.265285833333333,20.756172916666667,43.25402583333334,8.975083333333332
2025-01-05,7.460416666666666,2.669681666666667,7.592579166666667,11.686033333333334,65.17970208333334,4.906666666666667
2025-01-06,3.6677083333333336,1.09142375,6.842335416666667,8.515825,66.36534291666666,1.8818333333333335
2025-01-07,3.486458333333333,1.67740875,6.21885875,8.790847916666666,60.97002125,1.8729583333333333
2025-01-08,11.4625,5.508288333333333,24.153732083333335,32.599657083333334,46.93914166666667,6.895708333333334
2025-01-09,7.747916666666666,1.6776541666666667,14.96379875,17.53616416666667,50.62980124999999,4.821166666666667
2025-01-10,11.373958333333334,5.711095,29.463987916666667,38.22087833333333,33.14455958333333,7.279875
2025-01-11,18.327083333333334,16.586964583333334,34.69655916666667,60.12954875,20.324265416666666,14.772041666666667
2025-01-12,15.484375,3.1663762500000003,17.639225416666665,22.49426791666667,40.783655,13.805
2025-01-13,7.76875,1.5326741666666666,9.834392916666667,12.1844625,52.209037083333335,6.69325
2025-01-14,4.198958333333334,5.894382916666667,15.569123750000001,24.607049166666666,46.95230791666666,3.1555416666666667
2025-01-15,7.2562500000000005,10.262434583333333,22.421762916666665,38.15727541666667,32.094737916666666,5.416791666666668
2025-01-16,9.473958333333334,2.0011764285714286,11.74701642857143,14.815442142857142,46.507764782608696,5.854958333333333
2025-01-17,10.544791666666667,,,,47.74989458333334,8.48075
2025-01-18,21.6125,,,,27.397221666666667,19.187291666666667
2025-01-19,19.587500000000002,,,,33.01012708333334,18.109375
2025-01-20,16.789583333333333,,,,23.942165833333334,14.370041666666665
2025-01-21,10.663541666666665,,,,32.85906375,9.034
2025-01-22,17.13586956521739,35.272338181818185,55.42291090909091,109.50640636363637,11.661995454545455,14.354391304347827
2025-01-23,8.079166666666667,2.57443125,14.928908333333332,18.876316666666664,47.06040875,6.652916666666666
2025-01-24,11.375,0.9230174999999999,3.615855,5.031129166666667,77.75469083333333,6.460333333333334
2025-01-25,7.647916666666667,2.0614362500000003,8.390582499999999,11.551407083333332,66.64390833333333,3.9150000000000005
2025-01-26,8.453125,2.33871875,8.746176666666667,12.33216,57.80115583333333,6.006291666666667
2025-01-27,10.332291666666666,2.178112083333333,9.924421666666666,13.264145833333332,65.82968958333333,6.2303749999999996
2025-01-28,5.794791666666666,1.8328070833333332,13.66662625,16.47688875,52.60956375,3.4974166666666666
2025-01-29,3.8802083333333335,1.8942154166666667,11.686788333333334,14.591212083333334,54.735537916666665,2.2720833333333332
2025-01-30,6.247916666666666,3.1082960869565217,11.443456521739131,16.209442173913043,63.27408541666667,3.280291666666667
2025-01-31,10.007291666666667,7.761559166666667,19.824230833333335,31.725120833333335,48.84683833333333,8.024875
2025-02-01,15.453125,2.178584583333333,10.828185416666665,14.16863375,51.70387708333333,13.645833333333334
2025-02-02,11.450000000000001,1.5161943478260869,9.011544782608697,11.336342608695652,53.45565666666667,9.722875
2025-02-03,7.142708333333334,3.3269225000000002,11.723003749999998,16.824212916666667,56.82409416666667,5.041333333333333
2025-02-04,5.719791666666667,1.9150004166666665,6.705557083333333,9.64184875,67.77826958333334,3.216416666666667
2025-02-05,8.998958333333333,2.402489166666667,11.240299166666667,14.92406375,58.297308333333326,4.840791666666667
2025-02-06,12.862499999999999,27.791584999999998,30.40656208333333,73.01972958333333,31.064319583333333,6.967458333333333
2025-02-07,16.95625,4.521964347826088,5.712774782608696,12.646355217391305,71.35597708333334,6.872958333333333
2025-02-08,25.110416666666666,6.715253333333333,11.678881250000002,21.97545666666667,53.17293333333333,16.80033333333333
2025-02-09,31.71875,3.858814583333333,7.880667083333333,13.7974325,54.296900416666666,23.676374999999997
2025-02-10,20.508333333333333,2.9485533333333334,5.513711666666667,10.03476,69.90077916666667,12.793791666666666
2025-02-11,32.516666666666666,4.026137272727272,8.258000909090908,14.431324545454546,68.28204666666666,19.07238095238095
2025-02-12,28.85729166666667,5.450751904761905,11.963475714285714,20.32117761904762,65.98976291666666,17.5915
2025-02-13,12.077083333333334,5.085586818181818,11.369117272727273,19.16690909090909,69.45686826086957,5.433333333333334
2025-02-14,15.491666666666667,4.244805416666667,13.985239583333334,20.49385,65.13188749999999,9.762208333333334
2025-02-15,33.869791666666664,7.753155652173914,21.324560869565218,33.21256608695652,28.5565275,30.565250000000002
2025-02-16,18.436458333333334,4.350725833333334,14.528293750000001,21.199314583333333,49.221032083333334,14.920499999999999
2025-02-17,18.342708333333334,3.6039729166666667,14.06328,19.58929541666667,58.50658000000001,12.770375
2025-02-18,32.354166666666664,5.773891249999999,19.084525,27.937700000000003,50.81828375,23.966375
2025-02-19,46.34166666666667,4.27181625,23.381545833333334,29.9315725,33.28245666666667,36.17066666666667
2025-02-20,17.0,1.4071633333333333,11.887195416666666,14.044815,57.92034291666667,13.170291666666666
2025-02-21,7.984375,1.2547154166666667,10.06705,11.990919583333332,67.7484725,5.314541666666666
2025-02-22,9.521875,1.2707782608695652,7.594602173913043,9.543099999999999,69.85365958333334,5.518916666666667
2025-02-23,6.585416666666667,0.7087595652173913,5.421126521739131,6.5078760869565215,67.01671666666667,4.355333333333333
2025-02-24,10.089583333333334,1.3125429166666667,5.789280000000001,7.801817499999999,80.67478791666666,5.7419166666666674
2025-02-25,7.739583333333333,1.6436537500000001,7.316175416666667,9.836410416666666,73.459085,3.959375
2025-02-26,7.78125,3.036447916666667,15.59261,20.24843125,52.72112833333333,5.447125
2025-02-27,10.725,10.24108625,24.254115416666668,39.95689458333333,49.32289458333333,6.0367500000000005
2025-02-28,10.919791666666667,5.924373636363637,21.265476363636363,30.34938863636364,50.929156666666664,6.050583333333333
2025-03-01,10.040625,1.8017426086956523,9.515238260869566,12.277871304347824,66.93425458333333,6.944791666666667
2025-03-02,7.227083333333333,1.22094875,6.721519166666667,8.593614583333332,66.8857475,5.176
2025-03-03,6.575,2.556345909090909,9.052751818181818,12.972430000000001,67.1379825,4.144083333333334
2025-03-04,7.463541666666667,1.3983095652173911,5.001720869565218,7.145766086956522,75.90451,4.134291666666667
2025-03-05,10.19375,1.306121052631579,4.918883684210526,6.921573684210526,84.22547083333333,6.605833333333333
2025-03-06,27.822916666666668,2.0567413636363634,12.424654545454546,15.578282727272727,76.32790458333334,19.490041666666666
2025-03-07,25.120833333333334,16.0479625,26.974686666666667,51.58121791666667,28.415859583333333,19.694416666666665
2025-03-08,35.5625,9.941093913043478,32.372,47.61479739130434,33.7183225,25.599500000000003
2025-03-09,48.231249999999996,5.590402916666666,31.182468749999998,39.75429916666666,32.32964833333333,42.289
2025-03-10,34.860416666666666,1.30537625,15.663117083333333,17.664665833333334,61.90481333333333,25.98275
2025-03-11,8.293750000000001,1.4964231818181817,12.079497272727274,14.37398,66.61757583333333,3.7569166666666667
2025-03-12,7.251041666666667,1.2117879166666665,9.100540833333334,10.958587916666666,74.05918041666666,3.1919166666666663
2025-03-13,7.421875,1.3951868421052631,13.790832631578947,15.930086842105263,70.82448291666667,3.65375
2025-03-14,8.161458333333334,1.9810437500000002,18.092378333333333,21.129933333333334,56.31546708333334,4.395708333333333
2025-03-15,9.876041666666667,3.988823333333333,21.153574583333334,27.269686250000003,49.239740833333336,5.933583333333334
2025-03-16,10.153125000000001,1.1996052173913043,12.465026086956522,14.30439608695652,61.22294958333333,6.204791666666666
2025-03-17,16.091666666666665,4.950480869565217,11.546900434782609,19.137531739130434,74.51237125,6.162583333333333
2025-03-18,19.118750000000002,5.207447916666666,15.561694583333335,23.546335,61.13771583333334,9.142166666666666
2025-03-19,34.407291666666666,11.049933333333334,28.7727775,45.71576958333333,38.615410000000004,23.288208333333333
2025-03-20,49.95729166666666,6.72093375,31.303792916666666,41.609081249999996,49.66382708333333,38.227375
2025-03-21,58.38229166666667,4.717411666666666,21.06326625,28.29652833333333,63.10223375,45.21633333333333
2025-03-22,50.38229166666667,6.435904999999999,23.33244375,33.2006925,50.64019583333334,31.01925
2025-03-23,47.4455,1.316831052631579,12.271715789473683,14.290826315789472,78.11710375,27.959333333333333
2025-03-24,16.247916666666665,2.335566956521739,18.611648260869565,22.192799130434782,63.34060875,11.192041666666666
2025-03-25,7.697916666666667,5.320923636363637,18.121039545454547,26.279673181818183,57.65771375,4.267875
2025-03-26,11.240625,3.2826965217391306,13.808059565217391,18.841455652173913,48.74150791666667,7.3388333333333335
2025-03-27,3.9187499999999997,1.575137619047619,5.247097142857143,7.662272857142858,61.361540416666664,2.0370833333333334
2025-03-28,6.148958333333333,1.3815320833333333,5.074455833333333,7.192774166666666,76.88087833333333,3.1662916666666665
2025-03-29,9.970833333333333,1.1429604166666667,3.5715966666666668,5.324110416666667,74.15065125,5.451125
2025-03-30,13.539583333333333,2.2968433333333333,7.611937083333333,11.133714583333335,73.66212,7.339833333333334
2025-03-31,17.621875,6.167905,22.46180916666667,31.919130416666665,42.934575833333334,8.742125
2025-04-01,11.909374999999999,4.9610916666666665,11.01568625,18.62258625,61.2402725,5.530708333333333
2025-04-02,14.146875,6.93075,14.786247083333334,25.4132475,59.304165833333336,6.6548750000000005
2025-04-03,20.198958333333334,6.5060633333333335,16.751736666666666,26.727559583333335,54.00447416666666,11.478041666666668
2025-04-04,19.528125,3.3955379166666666,12.906939583333333,18.11335791666667,65.03210374999999,10.0885
2025-04-05,21.59375,3.1069216666666666,7.840256666666666,12.604135833333332,77.22181125,9.851666666666667
2025-04-06,14.143749999999999,2.7358279166666666,6.188275833333333,10.383150833333334,77.77478583333333,6.271625
2025-04-07,13.688541666666666,5.4396683333333335,15.045064166666668,23.385772083333336,63.66629666666666,5.816624999999999
2025-04-08,15.239583333333334,5.055552916666667,17.509513333333334,25.261254166666664,64.77634045454546,9.132416666666666
2025-04-09,11.378124999999999,2.2330183333333333,15.150085833333334,18.574,67.01394458333333,7.381166666666666
2025-04-10,15.170833333333334,1.967115,10.07948625,13.095687083333333,71.95468791666667,9.225624999999999
2025-04-11,27.796875,3.9278704347826086,26.542471739130434,32.56512217391304,78.38250541666666,13.820791666666667
2025-04-12,34.952083333333334,2.8818254166666666,20.841315833333333,25.26005041666667,74.03700625,21.361166666666666
2025-04-13,7.061458333333333,0.8868550000000001,5.684699166666667,7.044522499999999,84.42365458333333,3.890541666666667
2025-04-14,11.74375,1.5289466666666665,7.6287025,9.97305375,74.57543041666666,4.501791666666667
2025-04-15,14.791666666666666,4.721948333333334,15.79886375,23.03908416666667,64.2456025,10.78525
2025-04-16,8.328125,2.4015691304347824,7.884937826086956,11.567291304347828,68.5585325,5.351791666666667
2025-04-17,4.847916666666666,2.268256666666667,13.151915,16.62986125,61.77523208333333,2.4764583333333334
2025-04-18,13.319791666666667,2.885470833333333,13.968754583333334,18.393077916666666,62.62063333333333,7.465666666666667
2025-04-19,9.291666666666666,3.1949516666666664,6.381999583333333,11.280855833333334,80.42948249999999,4.692375
2025-04-20,8.160416666666666,2.0352433333333333,5.978205,9.098869166666667,76.79772416666667,4.163833333333334
2025-04-21,14.335416666666667,3.1516858333333335,12.443877916666667,17.276395833333332,48.54956041666667,8.725458333333334
2025-04-22,7.795833333333333,3.3056245833333335,10.953615416666667,16.022167083333333,63.27893541666666,4.297416666666667
2025-04-23,16.932291666666668,4.427135,12.5753475,19.363524583333334,64.82837416666666,11.088916666666668
2025-04-24,7.95,3.6366758333333333,11.056665416666666,16.632823333333334,66.65776708333333,5.1611666666666665
2025-04-25,12.53125,4.038265,9.99314625,16.185064999999998,60.94992666666667,7.389
2025-04-26,21.465625,2.1064362500000002,11.372237916666668,14.60206125,62.10923416666666,16.364958333333334
2025-04-27,10.542708333333334,1.0350754166666667,7.238446666666667,8.825540833333333,65.31898458333333,7.549083333333333
2025-04-28,9.153125000000001,3.759804583333333,13.437755416666667,19.20270916666667,56.98347291666667,4.794791666666667
2025-04-29,19.698958333333334,5.124737916666667,18.469797500000002,26.327618333333334,62.575590416666664,11.126166666666668
2025-04-30,29.084374999999998,3.7102295833333336,23.587261666666667,29.27620041666667,82.44666375,19.7455
2025-05-01,24.48229166666667,2.322651666666667,19.047757083333334,22.609104583333334,92.59562999999999,15.49725
2025-05-02,7.229166666666667,3.758754347826087,10.888692173913043,16.65203347826087,64.20957041666666,3.501416666666666
2025-05-03,11.528125000000001,0.7363725,3.9550466666666666,5.084135416666666,75.17829666666667,4.9155
2025-05-04,9.501041666666667,0.5978341666666667,3.2465212500000002,4.163185833333333,71.12730333333333,3.9917916666666664
2025-05-05,11.549999999999999,1.5149362499999999,5.678211666666667,8.001079583333334,65.53795833333334,5.2712916666666665
2025-05-06,8.822916666666666,3.9743591666666664,11.933024583333333,18.026955416666667,58.45253041666667,4.7917499999999995
2025-05-07,7.4468749999999995,3.7969166666666667,9.516805833333335,15.33866375,69.55430416666667,3.802208333333333
2025-05-08,9.367708333333333,3.2369913636363634,13.694228636363636,18.65754409090909,60.883402499999995,6.1125
2025-05-09,13.836458333333333,3.135392083333333,13.237854166666667,18.0453875,62.419675833333336,7.3929583333333335
2025-05-10,14.895833333333334,1.9572883333333333,9.991024166666667,12.992157083333334,87.20308291666667,7.3851249999999995
2025-05-11,16.176041666666666,1.946015,7.929385833333334,10.913233333333332,86.360455,10.050166666666668
2025-05-12,20.832291666666666,3.4251675,10.79814625,16.049995416666665,72.75643166666667,12.312375000000001
2025-05-13,15.327083333333334,2.0840645833333333,8.376131666666668,11.57165125,73.23664791666667,9.556708333333333
2025-05-14,17.603125000000002,0.7360558333333334,5.100045833333334,6.2286487500000005,89.03801874999999,9.336666666666668
2025-05-15,24.163541666666664,0.459845,3.6848733333333334,4.389959166666666,85.25935291666667,11.0535
2025-05-16,19.244791666666668,0.5744970833333333,3.9637629166666666,4.844645,87.32365666666668,9.965708333333334
2025-05-17,19.7625,0.3829466666666667,2.8214291666666664,3.4086020833333333,92.20757833333333,10.277125
2025-05-18,19.834374999999998,0.34710291666666665,2.4369720833333335,2.9691887500000003,90.05111208333334,10.061958333333333
2025-05-19,16.14166666666667,1.6934075,5.690997916666666,8.28752125,84.13400166666666,9.809375000000001
2025-05-20,16.805208333333333,3.3988525000000003,13.69911375,18.910614583333334,71.21115083333333,9.967666666666666
2025-05-21,18.567708333333332,1.31823875,5.722167916666667,7.743436666666667,76.40135625,8.586958333333333
2025-05-22,11.522916666666667,1.4214304166666667,5.490633333333332,7.67012875,69.37690791666667,4.689541666666667
2025-05-23,12.634375,3.3074887499999996,11.004950833333332,16.076363750000002,56.833101666666664,5.107083333333333
2025-05-24,5.746875,1.0771425000000001,3.821074583333333,5.47267,46.494267916666665,3.4531666666666667
2025-05-25,7.286458333333333,0.7183212499999999,2.53431625,3.6357241666666664,67.90438583333334,2.65625
2025-05-26,5.659375,0.82207375,2.715264583333333,3.9757579166666672,69.41709999999999,2.5393333333333334
2025-05-27,4.486458333333333,1.8546474999999998,5.544635416666666,8.388389583333334,64.48675125,2.2455000000000003
2025-05-28,6.395833333333333,2.17171,6.718386249999999,10.048295833333333,66.14429041666666,2.9324583333333334
2025-05-29,4.253125,1.5462573913043476,4.358422608695652,6.729318695652173,42.096105,2.397875
2025-05-30,4.338541666666667,1.6244833333333333,5.027388333333334,7.518228333333333,55.436805,1.80425
2025-05-31,6.133333333333333,1.1406104166666666,3.3022833333333335,5.051193333333333,72.60467666666666,3.1671666666666667
2025-06-01,8.036458333333334,0.9792350000000001,2.7714683333333334,4.27293875,68.20997791666666,4.046833333333333
2025-06-02,8.071875,2.3163804166666666,5.2845625,8.836295416666667,65.431935,3.7864166666666663
2025-06-03,8.595833333333333,1.4420179166666667,3.5941325,5.805194583333333,69.01865208333334,4.033083333333333
2025-06-04,9.3375,1.7924833333333332,4.271857916666667,7.0202929166666665,70.02412583333333,4.431
2025-06-05,4.938541666666667,2.630738260869565,8.389217826086957,12.422957826086956,48.550254583333334,2.51375
2025-06-06,6.3500000000000005,2.29255375,6.371541666666666,9.886740833333333,57.49625583333333,2.739875
2025-06-07,4.444791666666666,2.3453225,7.28539,10.881500833333334,53.68918125,2.126625
2025-06-08,6.072916666666667,1.4275641666666667,4.765567916666666,6.954469583333334,55.297521249999996,3.2468333333333335
2025-06-09,25.913541666666664,1.9243295833333331,5.6656804166666666,8.616276666666666,66.52957083333334,22.112916666666667
2025-06-10,6.970833333333334,3.44160625,9.735475416666667,15.012530416666666,62.00113416666667,4.187333333333333
2025-06-11,18.396874999999998,2.5462183333333335,10.208937916666667,14.113082083333333,71.58673083333333,10.945458333333333
2025-06-12,24.40833333333333,2.1969320833333335,7.181249583333333,10.54982875,80.65469208333333,13.923
2025-06-13,11.811458333333334,1.5555358333333336,7.08015125,9.465270416666668,71.41487791666667,6.635291666666667
2025-06-14,10.637500000000001,1.2176612500000001,6.262548333333334,8.129599583333333,73.84367416666667,7.0136666666666665
2025-06-15,5.417708333333334,1.0173516666666667,2.720126666666667,4.280044583333333,65.42916416666667,3.396333333333333
2025-06-16,11.542708333333332,1.5475129166666666,4.116481666666666,6.489299166666666,73.13270375,8.078875
2025-06-17,9.448958333333334,1.2730254166666668,3.729684583333333,5.6816275,72.91650458333334,6.4907916666666665
2025-06-18,7.6781250000000005,2.3612658333333334,7.599532916666667,11.220091250000001,53.582467083333334,4.101833333333333
2025-06-19,10.797916666666666,2.520515,6.88360625,10.748339583333333,54.84086666666666,5.743875
2025-06-20,19.85625,1.3291108333333332,9.3806675,11.418607083333333,103.25946041666667,10.729333333333335
2025-06-21,18.859375,1.7722320833333332,13.932269166666666,16.649653750000002,89.61940416666665,10.311583333333333
2025-06-22,8.480208333333334,0.7796070833333334,3.16764,4.3630225000000005,63.814587916666675,5.04225
2025-06-23,9.416666666666666,1.3945345833333336,2.8794470833333334,5.0177024999999995,57.318168750000005,3.220375
2025-06-24,5.757291666666667,2.740243913043478,5.893135652173913,10.094782173913044,47.06309043478261,2.6994583333333337
2025-06-25,4.1000000000000005,1.7956975000000002,4.203405416666667,6.956767916666667,48.40404208333334,1.987
2025-06-26,6.285416666666666,1.7962345833333335,4.0882875,6.842475,44.98848458333333,2.96975
2025-06-27,5.802083333333333,1.3633179166666667,3.10347625,5.193867083333333,48.57034875,2.781125
2025-06-28,4.052083333333333,1.0629904166666666,2.2738375,3.9037337500000002,43.74047958333333,2.0490416666666667
2025-06-29,15.327083333333334,2.050716086956522,5.240316521739131,8.384701304347827,56.775587083333335,7.177666666666667
2025-06-30,13.382291666666667,2.404912083333333,9.780841666666667,13.4683225,55.28158333333334,5.8137083333333335
2025-07-01,9.278125000000001,2.0986425,5.584690416666667,8.80256375,60.600677499999996,4.304166666666666
2025-07-02,6.577083333333333,3.5984087500000004,9.084222500000001,14.601703333333333,53.57553791666667,3.253833333333333
2025-07-03,4.739583333333333,1.6369013043478262,3.698307826086957,6.208186956521739,51.152105652173915,2.067625
2025-07-04,8.629166666666666,1.1542295833333334,3.10937375,4.8791649999999995,55.357115416666666,4.5136666666666665
2025-07-05,3.85,1.0487616666666666,2.2214758333333333,3.829552916666666,45.95792291666667,1.7689166666666667
2025-07-06,5.785416666666666,1.74044625,3.6529141666666667,6.321560000000001,46.99873708333333,2.8695
2025-07-07,9.397916666666665,2.8618433333333333,8.553521250000001,12.941622916666667,52.97059166666667,4.135291666666666
2025-07-08,15.123958333333334,3.7445041666666667,8.562992916666667,14.304484166666667,46.39586875,5.926749999999999
2025-07-09,3.9114583333333335,2.2610504166666665,5.541607916666667,9.008502083333333,41.71428916666667,1.6519166666666667
2025-07-10,6.732291666666666,3.8955812499999998,9.957700416666666,15.930840833333335,35.28647208333333,3.155416666666667
2025-07-11,6.713541666666667,3.0926383333333334,10.03428,14.776258333333333,48.73942958333333,3.361875
2025-07-12,5.6156250000000005,2.583493333333333,6.0947120833333335,10.056015,40.74623583333334,3.73625
2025-07-13,6.797916666666667,1.5996525000000001,7.176587916666667,9.629355416666668,47.497659999999996,4.669833333333333
2025-07-14,11.979166666666666,2.3966541666666665,5.5921650000000005,9.266980416666668,53.92686333333333,7.122625
2025-07-15,7.564583333333334,2.075852916666667,6.255323333333333,9.438251666666668,42.695507916666664,3.3775
2025-07-16,9.104166666666666,3.1659441666666663,9.099890416666666,13.954266250000002,48.318809583333326,4.5755
2025-07-17,13.00625,3.1660858333333333,9.877491666666666,14.732088333333332,51.45441374999999,6.583208333333332
2025-07-18,10.591666666666667,3.568587916666667,12.459740833333333,17.931499583333334,41.064993333333334,6.4525
2025-07-19,12.434375000000001,3.623314347826087,10.54749304347826,16.103164782608697,32.08295875,9.187375000000001
2025-07-20,16.980208333333334,2.2236208333333334,9.082122916666668,12.491627916666665,,10.834333333333333
2025-07-21,11.420833333333334,3.350599166666667,11.335624166666667,16.47313708333333,,6.685333333333333
2025-07-22,5.558333333333334,2.450072083333333,6.97134625,10.728072083333332,,2.4940833333333337
2025-07-23,15.057291666666666,2.965995,10.298684583333333,14.846478750000001,34.813451538461536,11.885
2025-07-24,11.052083333333334,3.31897875,8.247948333333333,13.33697875,41.96305833333333,8.1035
2025-07-25,15.507291666666667,2.0268566666666668,6.164772500000001,9.272575,42.32062166666667,11.704125
2025-07-26,7.210416666666667,1.97560875,4.5371629166666665,7.566388750000001,42.22707375,4.631541666666666
2025-07-27,8.55625,1.5408583333333332,3.091392916666667,5.454009166666666,46.7984725,5.500291666666667
2025-07-28,5.4375,3.224205,6.145778333333333,11.089487083333333,47.63070833333333,2.6954999999999996
2025-07-29,6.723958333333333,3.9726154166666667,8.692912083333333,14.784170833333334,44.23039458333333,3.9013333333333335
2025-07-30,8.4625,3.679509166666667,8.87586375,14.517699583333332,36.66683125,4.580125
2025-07-31,6.05,1.79592,5.687831739130435,8.44153695652174,46.67651333333333,3.25475
2025-08-01,8.4625,2.3618841666666666,6.618640833333334,10.240145416666666,44.79792333333333,2.982583333333333
2025-08-02,6.8218749999999995,3.2720558333333334,8.129828333333334,13.14691125,45.58580958333334,3.046416666666667
2025-08-03,6.463541666666667,1.7333275,3.998712083333333,6.65644375,47.582894583333335,3.8366249999999997
2025-08-04,12.216666666666667,1.2703187500000002,3.0805170833333335,5.028312083333334,48.74289458333333,4.657166666666667
2025-08-05,11.328125,1.7731587500000001,2.7050354166666666,5.423844166666666,52.72390083333334,4.797666666666667
2025-08-06,12.345833333333333,1.8361016666666667,4.0880833333333335,6.903401250000001,48.23288208333333,6.797458333333334
2025-08-07,9.285416666666666,1.5427070833333334,4.968446666666667,7.333893333333333,53.256087916666665,6.238166666666667
2025-08-08,7.304166666666667,1.3582933333333334,3.1577445833333333,5.240430833333333,54.28719833333333,3.9308333333333336
2025-08-09,10.567708333333334,1.0838741666666667,2.57692,4.238835833333334,55.60450041666667,5.631916666666666
2025-08-10,8.165625,2.0921600000000002,4.282527916666667,7.4904616666666675,49.66382708333333,4.76525
2025-08-11,8.691666666666666,2.9895075,7.308177083333334,11.89202375,50.1694045,5.377458333333333
2025-08-12,26.744791666666668,3.6389154166666664,17.13826166666667,22.71785375,,17.966833333333334
2025-08-13,26.295454545454547,2.4728780952380953,15.70881761904762,19.500510952380953,,15.717272727272727
2025-08-14,14.786458333333334,1.9905335714285715,7.342868571428572,10.394977142857142,,9.724916666666667
2025-08-15,8.783333333333333,,,,,5.107166666666667
2025-08-16,7.852083333333334,,,,,4.499791666666667
2025-08-17,9.940624999999999,,,,,5.699666666666666
2025-08-18,8.271875,,,,,3.7882916666666664
2025-08-19,6.404166666666666,,,,,3.1162083333333332
2025-08-20,13.758333333333333,,,,,5.230875
2025-08-21,7.309375,,,,,3.079833333333333
2025-08-22,8.088541666666666,,,,,4.047791666666667
2025-08-23,9.810416666666667,,,,,4.558833333333333
2025-08-24,16.794791666666665,,,,,10.110125
2025-08-25,15.821875,,,,,8.68525
2025-08-26,10.969791666666666,,,,,5.134708333333333
2025-08-27,10.269791666666666,,,,60.61003375,4.708208333333333
2025-08-28,6.559375,,,,44.87649739130434,3.132875
2025-08-29,6.313541666666667,,,,47.71386208333333,3.4414166666666666
2025-08-30,5.223958333333333,,,,47.5919025,2.654291666666667
2025-08-31,9.111458333333333,,,,52.3732675,4.587375000000001
2025-09-01,6.878125,,,,55.19150041666666,3.503375
2025-09-02,7.502083333333334,,,,52.19032833333333,4.0252083333333335
2025-09-03,6.159375,,,,40.205734166666666,4.153958333333333
2025-09-04,4.216666666666667,,,,45.34489222222223,1.9833809523809525
2025-09-05,4.453125,1.9536908333333332,6.960968333333334,9.9565875,52.00717615384615,2.2003333333333335
2025-09-06,10.785416666666668,3.78822125,10.080246666666666,15.888769583333334,48.49620375,5.7487916666666665
2025-09-07,20.434375,1.7919683333333334,10.51894625,13.2665925,63.113320833333326,10.688958333333334
2025-09-08,6.289583333333333,2.1946558333333335,5.23068,8.595770416666667,51.8085125,3.1986666666666665
2025-09-09,10.784374999999999,3.1832516666666666,9.286817083333334,14.167735,52.0552025,5.089458333333333
2025-09-10,10.819791666666667,2.716881666666667,9.021972916666668,13.187796666666666,51.536182499999995,4.631583333333333
2025-09-11,5.310416666666667,1.6961304166666666,3.629035,6.2297320833333325,45.93852041666667,2.520583333333333
2025-09-12,5.3531249999999995,1.83518125,3.80234625,6.61625125,47.878091250000004,2.539375
2025-09-13,4.714583333333334,1.5345820833333335,4.875222916666666,7.228213749999999,49.981199583333336,2.5176250000000002
2025-09-14,5.636458333333334,1.4355720833333334,4.995438333333333,7.196619166666667,45.92189,3.2045833333333333
2025-09-15,4.380208333333333,1.6588133333333335,3.6188266666666666,6.1623037499999995,54.42301666666666,2.1521250000000003
2025-09-16,5.133333333333334,2.32109,4.269322173913044,7.828276086956522,53.09601625,2.357666666666667
2025-09-17,5.738541666666666,1.7937254166666667,5.161584583333333,7.911924583333334,50.75245458333333,3.186875
2025-09-18,8.268749999999999,1.4099870833333332,3.0900770833333335,5.25202625,59.773988333333335,4.308208333333334
2025-09-19,3.2427083333333333,1.3338112500000001,4.0262625000000005,6.071410833333334,44.3987825,1.742375
2025-09-20,6.695833333333333,3.15078875,9.647405416666667,14.478547916666669,50.949252083333334,3.2007499999999998
2025-09-21,7.191666666666666,3.744347826086957,9.498655217391304,15.239907826086956,45.94198583333333,3.1889583333333333
2025-09-22,7.39375,5.80427625,15.904714583333332,24.804478333333332,37.11101416666667,3.0552500000000005
2025-09-23,8.961458333333333,5.143009166666666,17.106952916666668,24.99279,35.928837916666666,4.320083333333334
2025-09-24,7.311458333333333,6.021787916666667,17.179239166666665,26.41251875,34.060640416666665,4.011416666666666
2025-09-25,8.217708333333333,7.050122916666666,14.60662625,25.416661666666666,35.69669916666667,4.010458333333333
2025-09-26,13.513541666666667,4.178237272727273,10.230518181818182,16.637058181818183,48.00836625,4.914499999999999
2025-09-27,14.108333333333334,2.111437391304348,8.227630869565218,11.465122173913043,42.94912875,9.209958333333333
2025-09-28,8.904166666666667,3.471258333333333,12.604417916666668,17.9269375,37.6626025,6.4239999999999995
2025-09-29,7.673958333333334,7.343665652173914,16.88320652173913,28.14333695652174,29.14345708333333,3.9711250000000002
2025-09-30,12.669791666666667,3.5775316666666668,11.510867500000002,16.99634,37.122099166666665,7.367458333333334
2025-10-01,7.532291666666667,2.40553375,8.399034166666667,12.08746625,36.21641208333333,4.964666666666667
2025-10-02,12.903125000000001,1.7116583333333333,7.542475,10.166981666666667,50.68177333333333,8.62125
2025-10-03,6.319791666666667,1.1423699999999999,4.878413636363636,6.630025909090909,53.37943166666667,3.64
2025-10-04,9.688541666666667,1.0430783333333333,1.67276125,3.272123333333333,58.29975043478261,4.710083333333333
2025-10-05,14.013541666666667,1.0751195833333334,2.08774125,3.7362337500000002,57.988945,7.200333333333333
2025-10-06,5.405208333333333,1.8339566666666667,4.00714875,6.819177083333333,45.887241249999995,2.6591666666666667
2025-10-07,5.614583333333333,2.36111625,5.779264166666667,9.399589583333332,55.14179727272727,2.7790416666666666
2025-10-08,9.694791666666667,1.9676958333333332,5.7560770833333335,8.773168333333333,57.523975416666666,4.90275
2025-10-09,6.260416666666667,1.4135237500000002,4.122055416666666,6.289427916666667,58.73317458333333,2.878375
2025-10-10,4.022916666666666,1.6278308333333333,5.488509583333333,7.984482916666667,58.881466249999995,2.0235416666666666
2025-10-11,7.375,1.80432,8.425929166666666,11.192510833333335,48.822583333333334,4.677625
2025-10-12,10.69375,4.096165833333333,10.470392916666666,16.751092083333333,28.634831666666667,8.473041666666667
2025-10-13,13.121875000000001,10.068606956521739,18.21793043478261,33.65624173913044,20.02005958333333,9.780833333333334
2025-10-14,8.559375000000001,3.9977883333333337,15.78809625,21.91795125,35.603842916666665,6.795458333333333
2025-10-15,6.359375,6.235808333333334,22.4853525,32.04679208333334,38.714502083333336,3.8798333333333335
2025-10-16,8.367708333333333,4.030832916666667,13.542495416666666,19.723017916666667,43.845115416666665,6.18525
2025-10-17,10.69375,5.971754999999999,19.2490625,28.405624583333335,35.90874291666667,7.162041666666667
2025-10-18,19.358333333333334,2.8324816666666663,12.909991666666668,17.25307125,42.19866208333333,14.644375000000002
2025-10-19,15.920833333333334,2.24158125,8.646165,12.083209166666668,48.815192777777774,9.611875
2025-10-20,11.570833333333333,5.447559583333334,13.914888750000001,22.2676975,,7.614
2025-10-21,5.294791666666667,2.5454270833333337,8.065172500000001,11.968105416666667,45.260815,3.0620833333333333
2025-10-22,6.997916666666666,4.506952916666667,13.525587916666666,20.436154166666668,43.67672708333333,3.7323333333333335
2025-10-23,6.019791666666666,6.729348260869566,18.012480869565216,28.330671304347828,35.09343523809524,3.1337499999999996
2025-10-24,4.342708333333333,1.9649737500000002,4.916324583333333,7.9292429166666665,48.64103083333333,2.0833333333333335
2025-10-25,3.2270833333333333,3.42992875,8.524389166666667,13.783540416666668,56.666793750000004,1.273625
2025-10-26,4.2,1.3114225,3.5289195833333333,5.539736666666666,58.022899583333334,2.1914166666666666
2025-10-27,5.04375,5.441623333333333,12.626835833333333,20.970539166666665,50.55773416666667,2.685791666666667
2025-10-28,8.605208333333334,1.5546820833333335,3.887150833333333,6.2709608333333335,56.44643541666667,4.521541666666667
2025-10-29,7.8656250000000005,3.348329130434782,9.97112608695652,15.10515695652174,53.265788750000006,4.083166666666666
2025-10-30,7.8875,4.446420416666666,13.718765,20.536515416666667,42.40585458333333,4.403583333333334
2025-10-31,8.270833333333334,1.5196137500000002,7.809034583333333,10.139076666666666,56.77004416666667,5.343083333333333
2025-11-01,7.644791666666666,1.0487,4.518480416666667,6.126462916666667,64.39250916666667,4.3505
2025-11-02,8.329166666666667,1.16414625,5.5733837500000005,7.3583808333333325,55.9572125,5.140583333333333
2025-11-03,2.797916666666667,1.1198616666666668,3.751242083333333,5.468336666666667,66.96368956521738,1.5832083333333333
2025-11-04,4.260416666666667,1.2371216666666667,5.7092495833333325,7.606141666666667,56.41829565217391,2.800708333333333
2025-11-05,18.571875000000002,2.58930625,13.079090833333332,17.04930375,31.864677916666665,13.630208333333334
2025-11-06,35.645833333333336,8.054955217391305,21.59017347826087,33.94093478260869,13.77957,27.877499999999998
2025-11-07,22.349999999999998,6.527526666666667,19.044277083333334,29.05301,18.412412083333333,17.848
2025-11-08,12.380208333333334,3.74881375,12.150058333333334,17.898157916666666,30.77605125,9.091125
2025-11-09,16.315625,2.4685721739130435,10.751722608695651,14.536814782608696,30.78644583333333,12.247541666666665
2025-11-10,7.828125,4.080174166666667,13.413386666666668,19.669565833333333,40.83231173913044,5.132625
2025-11-11,7.096875,2.600931666666667,9.140559583333333,13.12859875,48.63132958333333,4.566625
2025-11-12,10.141666666666667,7.393820416666667,17.760077083333332,29.097106666666665,49.47326541666666,5.7203333333333335
2025-11-13,8.559375000000001,4.008395,12.969406666666666,19.115525416666667,,3.7235416666666663
2025-11-14,11.285416666666668,3.4530854166666667,5.278024583333333,10.572679583333334,,4.752375
2025-11-15,18.308333333333334,3.3503217391304347,5.553439565217391,10.690525652173914,,7.300625
2025-11-16,9.38125,4.288073333333333,15.048916666666669,21.62386958333333,,4.063583333333333
2025-11-17,9.329166666666667,5.42773625,15.8941225,24.216534999999997,,4.819208333333333
2025-11-18,5.6187499999999995,5.819687083333334,18.2194275,27.142825000000002,,3.7254583333333335
2025-11-19,5.038541666666666,3.3360116666666664,10.935572083333334,16.050717916666667,,2.5286250000000003
2025-11-20,4.202083333333333,2.1654695652173914,11.048837391304348,14.369178260869566,,2.3329166666666667
2025-11-21,6.541666666666667,5.3226820833333335,16.372935000000002,24.5342675,,4.2433749999999995
2025-11-22,6.298958333333334,3.266913333333333,10.955145833333333,15.964341666666668,,4.8595
2025-11-23,6.9781249999999995,2.2541520833333335,7.508020833333333,10.964338333333332,,5.2878750000000005
2025-11-24,7.717708333333333,2.5904878260869566,8.301133913043477,12.273157391304348,,3.606583333333333
2025-11-25,5.4593750000000005,4.020860833333333,15.856628749999999,22.021860833333335,32.789350999999996,2.890166666666667
2025-11-26,6.529166666666666,2.1367350000000003,12.010585416666666,15.2868675,44.22831541666667,4.690416666666667
2025-11-27,3.2895833333333333,1.35451375,4.6304316666666665,6.707324583333333,59.332577500000006,1.8897916666666668
2025-11-28,10.890625,1.5278574999999999,4.322797083333334,6.66548,67.43317916666668,6.287416666666666
2025-11-29,7.372916666666666,3.2943879166666665,12.200901250000001,17.252225,55.767343333333336,4.214833333333334
2025-11-30,4.63125,2.4842920833333335,7.2560675,11.065262083333332,55.34533583333334,3.002083333333333
2025-12-01,3.0270833333333336,2.0622591666666668,7.459756666666666,10.621841666666667,58.43797791666666,2.185583333333333
2025-12-02,8.553125,2.9855929166666666,11.604636666666666,16.182481666666668,48.545404090909095,5.371541666666666
2025-12-03,16.446875000000002,5.3213670833333335,21.544449583333332,29.703765,26.45703052631579,13.708791666666668
2025-12-04,13.721874999999999,11.64882125,21.69020125,39.55147708333333,30.527875714285713,10.646666666666667
2025-12-05,7.352083333333333,4.652385416666667,11.514394166666667,18.64795375,49.90151041666667,4.424166666666667
2025-12-06,8.291666666666666,8.4911925,16.929114583333334,29.948759999999996,39.966063043478265,6.087958333333333
2025-12-07,6.864583333333333,4.58836125,10.284325833333334,17.31971625,45.34188875,4.613833333333333
2025-12-08,11.019791666666668,2.3858616666666665,5.692705,9.35097375,67.90224695652174,6.325625
2025-12-09,6.647916666666667,3.63367,7.581907916666666,13.153454583333334,56.080755714285715,4.299333333333333
2025-12-10,12.972916666666668,1.8022441666666669,4.315125,7.078527083333333,69.54668,7.283833333333334
2025-12-11,12.658333333333333,2.5879491666666667,9.1347025,13.102835833333332,56.25725958333334,7.397833333333334
2025-12-12,9.364583333333334,4.5088099999999995,13.156618695652174,20.070031304347825,49.13926291666667,6.065166666666666
2025-12-13,7.629166666666666,1.4032962500000001,5.09692125,7.248607499999999,60.61592375,4.35925
2025-12-14,2.876041666666667,1.0866616666666666,3.65688125,5.323069583333333,64.73898458333333,1.7835833333333333
2025-12-15,5.373958333333333,11.387065416666667,23.910455416666665,41.370376666666665,41.725377083333335,4.082291666666666
2025-12-16,14.105208333333332,11.271211666666666,24.133312916666668,41.4155975,28.901497391304346,10.036375
2025-12-17,5.885416666666667,1.3523362499999998,8.283045416666667,10.356599583333333,52.88258666666667,4.284708333333334
2025-12-18,8.355208333333334,5.946795833333333,14.941143333333335,24.05943541666667,51.80851208333333,5.320416666666667
2025-12-19,6.341666666666666,0.79442,2.1511,3.36918,66.04971739130434,3.6694166666666668
2025-12-20,10.053125,,,,46.27806625,7.435208333333333
2025-12-21,14.033333333333333,,,,39.85718,9.644208333333333
2025-12-22,28.29375,,,,30.263267083333332,17.218999999999998
2025-12-23,20.107291666666665,4.773305,7.30566375,14.62462875,51.08021958333333,11.492750000000001
2025-12-24,12.313541666666666,4.142335833333333,6.381354166666667,12.732846666666667,65.81098041666667,4.827083333333333
2025-12-25,7.666666666666667,1.24973,2.4938204166666664,4.4100475,68.06030041666666,2.9511249999999998
2025-12-26,7.372916666666666,2.596274166666667,6.103844583333333,10.084742499999999,68.918175,3.156541666666667
2025-12-27,9.299999999999999,2.316778333333333,8.863690833333333,12.416035833333334,69.81346791666667,4.459458333333333
2025-12-28,21.784375,3.228505,10.22484875,15.17515375,76.27524,9.862458333333334
2025-12-29,12.13125,3.408662083333333,12.809658333333333,18.03619625,65.17485125,5.936541666666667
2025-12-30,9.266666666666667,3.11653875,15.54277125,20.321397916666665,61.902735416666665,4.5981250000000005
2025-12-31,4.402083333333334,1.9501525,6.127885833333333,9.118077083333334,60.272220833333336,2.8538333333333337
2026-01-01,4.311458333333333,0.8115454166666667,2.9125041666666664,4.156857083333334,68.78304916666667,2.513666666666667
2026-01-02,4.833333333333333,2.1761904166666666,7.21279625,10.5495725,64.72575913043478,2.485125
2026-01-03,4.107291666666667,1.7072769565217392,6.09600347826087,8.713791304347826,67.41157363636363,2.1492083333333336
2026-01-04,4.140625,3.6452216666666666,7.189678333333333,12.77894,64.44954173913042,2.498125
2026-01-05,3.532291666666667,3.5379778260869568,13.63536956521739,19.06019043478261,54.077650500000004,2.287666666666667
2026-01-06,5.7718750000000005,3.6540741666666663,10.666899583333333,16.269734583333335,57.15532541666667,4.070458333333334
2026-01-07,2.6958333333333333,3.4495045833333333,8.970177916666666,14.259344166666667,57.997764545454544,1.7191666666666665
2026-01-08,12.761458333333332,41.27365125,37.70116208333334,100.98654458333333,29.54142347826087,7.443083333333333
2026-01-09,15.348958333333334,5.12498875,10.352397083333333,18.2106025,57.58362230769231,6.6245
2026-01-10,14.464583333333332,7.644891666666666,20.48987375,32.211877916666666,41.498267391304346,8.862041666666666
2026-01-11,8.197916666666666,0.9610500000000001,8.051181666666666,9.524769166666667,54.625360416666666,6.9230833333333335
2026-01-12,8.512500000000001,2.189931666666667,6.880966666666667,10.2388125,65.988654,5.1455416666666665
2026-01-13,6.202083333333333,2.4744425,8.531451666666667,12.325543333333334,59.64163416666667,3.749041666666667
2026-01-14,9.109375,3.19120625,14.412428333333333,19.305540833333335,49.846946956521734,5.818583333333334
2026-01-15,14.544791666666667,6.584229130434782,22.26610695652174,32.361784782608694,48.26030428571429,11.331625
2026-01-16,15.75,9.963444166666667,27.94443791666667,43.22150333333334,23.857688181818183,13.243083333333333
2026-01-17,15.809375000000001,10.37318,20.740176666666667,36.64549708333333,31.680352083333332,12.287708333333333
2026-01-18,15.408333333333333,9.61937652173913,19.43940304347826,34.188907826086954,18.503882916666665,13.517208333333334
2026-01-19,17.860416666666666,34.158219583333334,29.514119166666664,81.88932625,2.714984583333333,15.089500000000001
2026-01-20,17.555208333333333,5.981150416666666,15.4443075,24.61527666666667,36.004369583333336,12.475583333333333
2026-01-21,17.059375,3.55718375,9.855695833333334,15.309967083333333,49.70609708333333,10.625916666666667
2026-01-22,38.30520833333333,2.579347916666667,13.560220416666667,17.51516583333333,39.79689208333333,25.84325
2026-01-23,35.473958333333336,3.0979008333333335,14.041514999999999,18.791564583333333,32.95538375,27.452916666666667
2026-01-24,38.35,2.3173999999999997,13.318942083333333,16.872237916666666,43.230465833333334,27.960958333333334
2026-01-25,34.56875,1.9307720833333333,9.5710525,12.531524583333335,51.861448260869565,26.012333333333334
2026-01-26,20.461458333333333,4.736180416666667,9.660403333333333,16.922445,56.42495333333333,13.961333333333334
2026-01-27,15.594791666666666,2.8568945833333337,6.513130416666667,10.8936425,65.69902347826087,9.114625
2026-01-28,28.24791666666667,13.684462083333335,27.895797916666666,48.878345833333334,32.56871708333333,15.833374999999998
2026-01-29,16.258333333333333,5.52551125,11.91132625,20.3836575,47.557255,9.9155
2026-01-30,16.859375,3.484072916666667,10.598155,15.940325416666667,47.930062916666664,12.059875
2026-01-31,29.030208333333334,5.2006637499999995,14.004808333333335,21.979048333333335,46.362606666666665,15.799041666666668
2026-02-01,14.75,6.4731691666666675,16.041207916666668,25.966594999999998,35.20678291666667,12.264166666666668
2026-02-02,24.522916666666664,6.34053375,10.783482916666665,20.50549875,37.58291333333333,18.8425
2026-02-03,26.625,3.251997916666667,7.13780125,12.124128333333333,60.079580416666666,18.098625000000002
2026-02-04,19.539583333333333,9.04310875,14.520586250000001,28.386489166666667,34.10984083333333,11.0015
2026-02-05,21.61145833333333,2.2535795833333334,5.7836475,9.239085416666667,63.06122739130435,15.1995
2026-02-06,15.6,4.270250416666666,7.597160416666667,14.144785416666666,46.956465,10.437375000000001
2026-02-07,14.852083333333333,5.06464125,14.060077083333333,21.82575291666667,39.276485,8.887583333333334
2026-02-08,16.23125,4.8009320833333335,11.8429075,19.204233333333335,48.65904750000001,9.067416666666666
2026-02-09,17.729166666666668,7.049187916666667,14.106295833333334,24.9149,45.36960833333333,11.917375
2026-02-10,21.866666666666664,3.8846008333333333,9.44093125,15.397235833333333,44.33433875,17.309416666666667
2026-02-11,11.494791666666666,4.485551739130435,10.604170434782608,17.48192043478261,28.432490833333333,6.934083333333334
2026-02-12,9.033333333333333,4.951618333333333,9.938070416666667,17.530445416666666,61.59229208333333,3.6635000000000004
2026-02-13,8.148958333333333,4.832785,13.232099583333332,20.642264166666667,70.47246416666667,3.3392916666666665
2026-02-14,5.823958333333334,5.540826249999999,13.1710925,21.66690625,59.697070833333335,3.6075
2026-02-15,5.872916666666666,1.7666325,8.530165416666668,11.238962916666667,62.64627291666667,4.697416666666666
2026-02-16,4.110416666666667,2.90818125,7.509202916666666,11.968352083333334,69.32216541666666,2.2110416666666666
2026-02-17,13.382291666666667,3.9828399999999995,13.443475217391304,19.550408695652173,71.79322958333333,5.756625
2026-02-18,18.705681818181816,2.614075,4.5448065,8.552997000000001,82.06365952380952,7.782
2026-02-19,26.22083333333333,5.934042916666667,12.228211666666667,21.326950833333335,66.35425458333334,13.234166666666667
2026-02-20,7.964583333333334,1.9003575000000001,6.515654166666667,9.42949375,65.90723818181817,5.187791666666667
2026-02-21,7.464583333333334,2.429650833333333,6.29215875,10.017570000000001,65.6647675,4.505708333333334
2026-02-22,6.373958333333333,1.721375,3.7092183333333337,6.34862125,72.58873791666666,3.578958333333333
2026-02-23,11.498958333333334,2.520647391304348,6.2786282608695645,10.143565652173914,71.7412575,6.444541666666666
2026-02-24,9.457291666666666,4.7946808333333335,11.3785225,18.730260833333332,53.4487275,5.0205416666666665
2026-02-25,12.428125,2.1073983333333333,8.579255833333333,11.810552916666666,51.63388833333334,8.466041666666667
2026-02-26,2.129166666666667,1.2154633333333333,3.9530554166666665,5.816737916666667,78.65483458333334,1.2295
2026-02-27,12.134375,4.525568750000001,13.974879583333333,20.913988333333332,60.457237916666664,6.593916666666666
2026-02-28,13.298958333333333,2.4037158333333335,7.108184166666667,10.793832083333333,72.87839208333334,6.377791666666667
2026-03-01,7.53125,1.0653904166666666,6.4564087500000005,8.089983333333333,63.14727583333333,5.164208333333334
2026-03-02,6.7875000000000005,2.03980125,5.9241649999999995,9.05181625,72.53745958333333,3.106375
2026-03-03,21.695833333333336,7.469631666666667,14.691986666666667,26.145261666666666,62.6968575,9.79175
2026-03-04,21.738541666666666,6.275427083333334,14.958790833333333,24.58097666666667,55.87059291666667,12.643541666666666
2026-03-05,44.428125,8.266337083333333,19.429573333333334,32.104445,35.77292333333333,35.548375
2026-03-06,7.216666666666666,4.086182173913044,17.65656956521739,23.92196086956522,67.25716958333334,3.9416666666666664
2026-03-07,10.727083333333333,3.5311762499999997,13.521694583333334,18.93608875,46.688986666666665,7.968875000000001
2026-03-08,22.65416666666667,2.725119166666667,10.23270375,14.41116,39.6700825,17.587541666666667
2026-03-09,33.47272727272727,1.7175475,9.341025,11.974559999999999,39.84875615384615,25.707681818181815
2026-03-10,9.816666666666666,1.9702177777777778,5.734961111111111,8.75592,68.14931769230769,5.492416666666667
2026-03-11,12.804166666666667,1.9799833333333334,3.8468024999999995,6.88273375,74.33151083333333,6.146833333333333
2026-03-12,6.8125,1.4683582608695651,4.023146086956522,6.274598260869566,75.63980291666667,2.841041666666667
2026-03-13,5.705208333333334,2.1165533333333335,4.387971666666666,7.633308333333333,70.94782875,2.7594166666666666
2026-03-14,7.679166666666667,2.9102983333333334,6.342604583333333,10.804998750000001,66.46997708333333,3.6124166666666664
2026-03-15,6.8125,1.7372860869565216,3.3627665217391307,6.026568260869566,65.20395541666666,4.249208333333333
2026-03-16,7.844791666666667,1.9617966666666666,4.3021520833333335,7.310195833333334,74.11115208333332,3.979875
2026-03-17,9.471875,1.99045875,4.76931625,7.8213091666666665,71.18135416666667,5.060083333333334
2026-03-18,21.528125,7.391159583333334,18.606589166666666,29.93953958333333,51.002610000000004,13.336333333333334
2026-03-19,17.675,6.625585416666667,16.50013375,26.659223333333333,49.881414166666666,11.149791666666667
2026-03-20,21.558333333333334,4.370030416666666,12.623334166666666,19.323954583333332,41.42255708333333,15.848208333333332
2026-03-21,38.65833333333333,4.1644266666666665,16.86460333333333,23.24996833333333,45.93159083333333,31.460333333333335
2026-03-22,30.140625,2.3979304166666666,10.585807083333334,14.262581249999998,64.23936708333333,23.685166666666664
2026-03-23,13.15625,2.64205375,10.059923333333334,14.111015416666667,65.19286833333334,6.129083333333334
2026-03-24,3.9166666666666665,2.2546883333333336,6.294104583333334,9.751244166666666,64.823525,1.6822916666666667
2026-03-25,5.272916666666666,2.2940304166666667,7.090495,10.6079575,72.07595333333333,2.3703333333333334
2026-03-26,7.66875,3.09858125,6.79004375,11.541135416666668,67.39298916666667,3.545666666666667
2026-03-27,8.646875,2.1028491666666667,5.797821249999999,9.022144166666667,66.93564083333334,4.744541666666667
2026-03-28,7.9437500000000005,1.3359908333333335,3.053105,5.101597083333333,76.55242041666666,4.096875
2026-03-29,8.484375,0.8495875,2.5190816666666667,3.8217625,78.29449958333333,4.588375
2026-03-30,11.49375,1.9203183333333333,4.624065,7.56851125,78.11363833333333,6.34825
2026-03-31,5.302083333333333,2.5139920833333336,5.822934583333333,9.6776675,58.60497833333333,2.9619583333333335
2026-04-01,9.257608695652175,1.8435630434782608,6.00742,8.83418,71.10621391304348,4.928217391304348
2026-04-02,10.340625000000001,4.360111666666667,9.396789166666666,16.0821975,68.37282166666667,4.55675
2026-04-03,3.7239583333333335,0.8693334782608695,2.611503043478261,3.944462173913043,74.41813,2.035125
2026-04-04,8.461458333333333,1.4141695833333332,4.355824583333333,6.524186666666666,74.31072333333333,4.498833333333333
2026-04-05,5.979166666666667,0.8157720833333334,1.92552375,3.1763549999999996,80.31306625,3.047416666666667
2026-04-06,11.309375000000001,2.3830375,7.305481666666666,10.959420833333333,65.79435,5.5415
2026-04-07,22.422916666666666,4.2348675,12.927863333333333,19.42123625,63.583835,11.317916666666667
2026-04-08,26.014583333333334,4.53959625,17.8664675,24.82708375,55.01341125,14.260083333333334
2026-04-09,10.872916666666667,2.2846378260869566,6.717153043478261,10.220209565217392,63.206868750000005,6.283416666666667
2026-04-10,14.303125,2.7949333333333333,5.701115000000001,9.986621666666666,78.49753458333333,7.17775
2026-04-11,8.092708333333333,1.1738895833333334,4.26592125,6.065860833333333,73.47363625,4.176583333333333
2026-04-12,7.936458333333333,0.8602458333333334,2.7346275,4.0536545833333335,83.65447875,4.371125
2026-04-13,15.375,4.050951666666667,11.051628749999999,17.262997916666666,65.66476833333333,8.215416666666668
2026-04-14,15.929166666666667,5.36485,13.707105416666666,21.933091666666666,54.07376958333333,9.087041666666666
2026-04-15,7.217708333333333,1.4801008333333332,4.923418333333333,7.192875416666666,60.433678333333326,4.663875
2026-04-16,8.983333333333333,1.8773183333333332,4.29273875,7.1712525000000005,76.27385375,5.004875
2026-04-17,8.685416666666667,1.585675,5.197823333333333,7.629160416666667,66.90307208333333,5.264458333333333
2026-04-18,7.3062499999999995,1.7513104166666666,4.082744583333334,6.76805,73.87416291666666,3.936875
2026-04-19,8.063541666666667,3.68924625,7.7421058333333335,13.398869583333335,66.22952375,4.08125
2026-04-20,9.957291666666666,5.654391666666666,10.3063275,18.9762725,63.506224583333335,4.919416666666667
2026-04-21,15.583333333333334,3.45838375,5.717569166666666,11.020348749999998,81.75302041666667,8.24975
2026-04-22,12.132291666666667,3.7603449999999996,6.581369583333333,12.347148333333335,85.22332041666667,5.8215416666666675
2026-04-23,6.6875,4.115590833333333,7.57661125,13.887093333333333,79.64159708333334,4.320916666666666
2026-04-24,21.041666666666668,9.313477083333334,21.719928749999998,36.0003925,43.22492416666666,12.8715
2026-04-25,11.567708333333334,3.1950800000000004,12.275286666666666,17.17433958333333,69.32424375000001,8.012958333333334
2026-04-26,18.140625,3.297715833333333,9.961480416666666,15.017907083333334,69.56885625,11.216625
2026-04-27,14.63125,2.5042233333333335,7.824877916666666,11.66463375,77.80527583333334,9.820208333333333
2026-04-28,11.227083333333333,4.3132150000000005,9.35715125,15.970654166666668,76.82267041666667,5.9759166666666665
2026-04-29,11.273958333333333,5.191010833333333,8.784314583333334,16.74375458333333,66.19288652173914,5.488416666666667
2026-04-30,19.169791666666665,3.7329875,7.584338333333334,13.3081725,77.9015975,8.017916666666666
2026-05-01,28.290625000000002,5.6095274999999996,19.08043125,27.681582916666667,66.93633333333334,12.215958333333333
2026-05-02,14.688541666666666,3.644289166666667,10.056232083333333,15.644063333333333,70.03174708333334,10.877541666666666
2026-05-03,9.678125,2.10899125,8.284518333333333,11.51826,81.64076208333334,6.532041666666667
2026-05-04,10.153125000000001,4.8777712499999994,8.7891225,16.268267916666666,61.25621125,6.106541666666666
2026-05-05,7.292708333333334,2.2170533333333333,6.489831250000001,9.889265416666666,74.18460541666667,2.987416666666667
2026-05-06,6.919791666666666,5.613102083333334,10.801720416666667,19.408353333333334,57.88292375,3.014
2026-05-07,13.448958333333332,2.428735217391304,8.49299695652174,12.217005217391305,59.01312708333333,7.231875
2026-05-08,13.321875,2.495069583333333,9.962459583333333,13.788177083333332,63.35169583333334,8.969291666666667
2026-05-09,9.903125000000001,2.6529962499999997,9.350464583333332,13.418333333333335,62.42937708333333,6.573333333333333
2026-05-10,7.3500000000000005,3.8349025,7.201270416666667,13.081371666666668,61.654657500000006,3.4050833333333332
2026-05-11,9.418750000000001,2.683851666666667,7.863445416666667,11.978627083333334,77.45117791666667,3.8335416666666666
2026-05-12,7.590625,3.8760479166666664,8.8215875,14.764777083333334,63.19994,3.514125
2026-05-13,7.091666666666666,3.0393620833333332,7.4618745833333335,12.122165,62.1535825,4.110791666666667
2026-05-14,7.6968749999999995,4.479345416666667,9.812855,16.68108833333333,64.6752325,3.7952083333333335
2026-05-15,8.548958333333333,6.19169625,14.348515833333332,23.842315833333334,61.870166250000004,3.7578333333333336
2026-05-16,7.2406250000000005,4.5536575,7.242552916666667,14.224728333333333,59.641635,3.5820000000000003
2026-05-17,4.909375,2.5385516666666668,3.7531725,7.6455625000000005,61.734347500000005,2.6690833333333335
2026-05-18,8.007291666666667,5.023805833333333,9.206942083333333,16.910001666666666,56.995252916666665,4.779833333333333
2026-05-19,5.6875,2.58651875,6.478800416666666,10.44473875,55.117355,3.5220833333333332
2026-05-20,5.376041666666667,2.33274625,4.388793333333333,7.9656191666666665,56.607200416666664,2.921583333333333
2026-05-21,6.48125,2.54292,4.816159166666666,8.715248749999999,49.557806666666664,3.9730416666666666
2026-05-22,11.441666666666668,2.9457225,8.514375416666667,13.03108875,56.70352083333333,6.722666666666666
2026-05-23,4.222916666666666,2.5057579166666666,5.422528333333333,9.264635833333333,60.933989583333336,2.549166666666667
2026-05-24,5.492708333333333,1.8039620833333334,5.1111475,7.8771845833333325,73.28168958333333,3.0847083333333334
2026-05-25,11.089583333333332,2.163345833333333,11.890207083333335,15.207290416666666,66.01401541666667,4.760208333333334
2026-05-26,11.75625,3.031101666666667,9.9469725,14.594595833333335,60.39418,6.020083333333333
2026-05-27,15.630208333333334,2.72139125,3.5184383333333336,7.69118,62.3531525,7.965916666666666
2026-05-28,22.092708333333334,3.3106941666666665,7.7852,12.861525,63.17638,11.595999999999998
2026-05-29,9.934375,1.4455129166666667,3.5136187499999996,5.73004,61.73296083333333,4.585458333333333
2026-05-30,11.643749999999999,2.1924550000000003,8.393070833333333,11.754785416666666,59.21200416666667,6.247041666666667
2026-05-31,5.064583333333333,1.85764625,4.5069025,7.3552525,60.73233916666667,2.455791666666667
2026-06-01,6.583333333333333,1.9448620833333334,5.1433575,8.1254375,41.38721541666667,3.7883750000000003
2026-06-02,4.716666666666667,3.3519116666666666,7.03436875,12.173893333333334,39.86757458333333,2.0195000000000003
2026-06-03,5.140625,1.7624741666666666,3.788539166666667,6.490960416666667,51.04349291666667,2.502083333333333
2026-06-04,5.380208333333333,1.91659,3.366174583333333,6.304902916666666,54.245620833333334,1.8652499999999999
2026-06-05,8.972916666666666,1.82975375,5.493874583333334,8.299458333333334,69.22723,4.1755
2026-06-06,11.546875,2.93928375,9.140655416666666,13.647495833333332,58.32710583333333,6.460333333333334
2026-06-07,11.245833333333332,0.9742095833333333,3.0118612500000004,4.505626666666667,66.47413458333334,6.197875
2026-06-08,4.769791666666666,2.995639583333333,6.22122375,10.814474166666665,63.60878125,2.0744583333333333
2026-06-09,4.276041666666667,2.6699333333333333,5.873161666666667,9.967002083333334,52.924856250000005,1.8465416666666667
2026-06-10,4.686458333333333,4.076974166666667,7.695095416666667,13.946369166666665,51.97066208333334,1.9408333333333332
2026-06-11,3.5593749999999997,2.535245652173913,5.656611739130435,9.54393304347826,40.27572166666666,1.6834166666666668
2026-06-12,7.095833333333334,1.8980991666666667,3.604329583333333,6.514707083333334,59.550165,2.510875
2026-06-13,8.639583333333333,1.4617362500000002,2.4896433333333334,4.7309383333333335,55.225455000000004,3.5219583333333335
2026-06-14,9.421875,1.3145420833333334,3.5147712500000003,5.530374583333334,59.74280625,4.89775
2026-06-15,10.383333333333333,3.3320779166666665,4.994287916666667,10.103401666666667,64.25184,4.327
2026-06-16,19.123958333333334,3.6458441666666666,8.973634583333334,14.563850833333333,50.421222916666665,10.816708333333333
2026-06-17,4.598958333333333,2.3452116666666667,4.880547083333333,8.476485416666668,53.33300499999999,2.129583333333333
2026-06-18,7.53125,1.7353691666666666,4.656209583333333,7.31707,48.43591791666666,3.4424166666666665
2026-06-19,5.089583333333334,1.68167375,4.129982916666667,6.7085125,42.175792916666666,2.1393333333333335
2026-06-20,4.2749999999999995,2.8573120833333334,6.918291666666666,11.299443333333334,46.28430291666667,2.089166666666667
2026-06-21,4.964583333333334,2.1163570833333334,5.1562262500000005,8.401260416666666,51.62973041666667,2.535416666666667
2026-06-22,11.116666666666667,4.7002395833333335,11.735164583333335,18.942097916666665,45.57333458333333,4.10375
2026-06-23,16.964583333333334,2.0351175,9.494422916666666,12.61489375,72.21246583333333,7.961041666666667
2026-06-24,9.286458333333334,3.679065833333333,9.128444166666666,14.769597500000001,51.50638375,5.391291666666667
2026-06-25,10.848958333333334,3.3306308333333337,7.85580125,12.962698333333334,49.16074458333333,4.9755
2026-06-26,20.411458333333332,2.4580995833333334,12.343329583333334,16.112360833333334,69.41987166666667,11.734416666666666
2026-06-27,8.789583333333333,1.0145620833333333,3.5978020833333333,5.15344375,64.63504125,4.043833333333334
2026-06-28,7.473958333333333,1.02174125,3.1141966666666665,4.68084375,57.46230166666667,2.908916666666667
2026-06-29,7.285416666666666,2.6543895833333333,5.010397083333333,9.080404583333333,49.47187875,3.4237083333333334
2026-06-30,10.671875,2.7472358333333333,8.363065,12.575434166666668,54.77365125,5.446208333333334
2026-07-01,8.564583333333333,4.907475416666666,10.552736666666666,18.07743,45.254578333333335,4.684625
2026-07-02,9.346874999999999,2.8897234782608696,3.985317826086957,8.416166086956522,54.2269125,2.831125
2026-07-03,6.942708333333333,2.9658025,4.446030833333333,8.993531666666668,55.430569166666665,3.8227499999999996
2026-07-04,3.9718750000000003,2.4222258333333335,2.0959070833333335,5.80993625,33.73079625,1.4898333333333333
2026-07-05,2.3854166666666665,3.30872375,3.489914166666667,8.563219166666666,28.90369791666667,0.8853749999999999
2026-07-06,6.453125,3.835154166666667,5.370751666666667,11.251239166666666,39.61048875,2.614
2026-07-07,8.284374999999999,3.540427083333333,5.082522083333333,10.511100833333334,46.260742916666665,4.253208333333333
2026-07-08,8.896875,4.5654825,8.588479166666668,15.588789166666666,40.57854125,4.306166666666667
2026-07-09,16.3625,3.8231066666666664,11.775062916666668,17.63707625,62.95810041666667,11.195083333333335
2026-07-10,15.235416666666666,3.5121587499999998,10.989590416666667,16.374825833333333,64.68493375,10.709583333333333
2026-07-11,10.235416666666667,3.8360808333333334,5.059505833333334,10.941413333333335,54.195729166666666,6.985125
2026-07-12,11.494791666666666,2.1673541666666667,3.85223375,7.175461666666667,58.37838416666667,5.563166666666667
2026-07-13,10.0,2.7243670833333336,3.3624879166666664,7.53979375,61.39757208333333,4.775041666666667
2026-07-14,17.276041666666668,2.2011820833333333,3.46472,6.839817916666667,84.87268708333333,12.499083333333333
2026-07-15,17.807291666666668,2.4175925,4.377931666666666,8.084854583333334,86.76790958333333,14.348541666666668
2026-07-16,20.151041666666668,2.9004624999999997,5.612677083333334,10.059990416666666,87.29732416666667,16.309041666666666
2026-07-17,20.14375,1.7864320833333334,4.788442916666667,7.527602083333334,85.55108708333334,15.132666666666665
2026-07-18,12.055208333333333,2.14232875,4.4636362499999995,7.748495833333333,62.419677916666664,5.518791666666666
2026-07-19,12.916666666666666,2.2669858333333335,4.4682908333333335,7.944287916666667,55.471452916666664,5.466874999999999
2026-07-20,6.701041666666666,3.9658345833333333,7.051559166666667,13.132421666666666,50.69771166666666,2.895
2026-07-21,7.847916666666666,4.1618562500000005,8.288648333333333,14.670072083333332,44.15902125,4.047791666666667
2026-07-22,8.35,3.9106891666666663,8.33095,14.327256666666665,51.77247875,4.281625
2026-07-23,8.511458333333334,4.58401875,8.172059583333334,15.200790416666665,53.767485,4.826125
2026-07-24,9.892708333333333,2.8082445833333334,3.9424604166666666,8.248375000000001,57.309853333333336,3.9426666666666663
2026-07-25,6.835416666666667,2.4935904166666667,2.855714583333333,6.679169166666667,46.6363225,3.0857083333333333
2026-07-26,4.195833333333334,3.6599858333333333,4.661812083333333,10.2737125,36.044560833333335,1.8474583333333332
2026-07-27,4.819791666666666,4.062222083333333,5.68383,11.912485833333333,46.51574958333333,2.211958333333333
2026-07-28,7.770833333333333,2.7373433333333335,2.8419945833333333,7.039195833333333,34.53808458333334,4.031041666666667
2026-07-29,5.425,2.732569130434783,3.004198260869565,7.172374782608696,47.71039708333333,2.7702916666666666
2026-07-30,5.897916666666667,3.6173529166666665,5.0549375,10.454443750000001,53.260245,2.0539166666666664
2026-07-31,6.936458333333333,3.8736175,7.0645825,13.004045,56.4104025,3.1997083333333336
2026-08-01,8.408333333333333,2.0060741666666666,5.450625,8.526562499999999,57.55099875,4.092083333333333
2026-08-02,18.5625,1.952295652173913,4.598315217391304,7.59179347826087,62.28247083333333,8.950541666666666
2026-08-03,15.237499999999999,2.4634175,4.82109375,8.59828125,67.89537708333333,8.113375
2026-08-04,16.108333333333334,3.2533741666666667,7.6898437500000005,12.67828125,55.32246708333333,8.793208333333334
2026-08-05,6.216666666666666,1.7514170833333333,3.9684375000000003,6.6539062499999995,59.5217525,2.0007083333333333
2026-08-06,4.645833333333333,2.4738116666666667,6.0562499999999995,9.849375,53.21035125,2.0557916666666665
2026-08-07,6.516666666666667,2.0892275000000002,5.7375,8.9409375,68.87659624999999,3.14475
2026-08-08,7.3125,1.3772270833333333,4.83703125,6.94875,80.18556291666667,3.077958333333333
2026-08-09,4.733333333333333,1.9956800000000001,6.22359375,9.28359375,62.95601958333333,2.7241666666666666
2026-08-10,6.216666666666666,3.128644166666667,6.11203125,10.90921875,47.1484125,2.912875
2026-08-11,16.639130434782608,2.5257825,8.2141875,12.087,55.6700515,6.2388260869565215
2026-08-12,25.412499999999998,2.26073125,10.97296875,14.439375,81.06699708333333,9.119541666666667
2026-08-13,28.337500000000002,1.8657529166666666,16.0490625,18.90984375,97.16564375,10.739083333333333
2026-08-14,10.570833333333335,2.816819166666667,9.801562500000001,14.120624999999999,45.743107083333335,5.589625000000001
2026-08-15,3.2416666666666667,2.889578333333333,8.534531249999999,12.96515625,47.2481975,1.4267916666666667
2026-08-16,5.266666666666667,2.8376075000000003,8.98078125,13.33171875,48.47056375,2.9244583333333334
2026-08-17,7.745833333333334,4.0225425,10.606406250000001,16.77421875,42.999019583333336,5.000083333333333
2026-08-18,4.9125000000000005,2.9831258333333337,6.2315625,10.805625,43.70583,1.4581666666666668
2026-08-19,5.0,3.3105420833333334,9.0365625,14.584891304347826,44.17980875,2.5825416666666667
