{"type":"FeatureCollection","features":[{"type":"Feature","properties":{"lsoa_code":"E01008693","lsoa_name":"Sunderland 008A"},"geometry":{"type":"Polygon","coordinates":[[[-1.4406,54.9227],[-1.4359,54.922],[-1.4303,54.9222],[-1.4282,54.9223],[-1.4258,54.9225],[-1.4256,54.9224],[-1.4255,54.9214],[-1.4261,54.9197],[-1.4262,54.9172],[-1.4268,54.9172],[-1.4265,54.9173],[-1.4271,54.9174],[-1.427,54.9178],[-1.4278,54.918],[-1.4271,54.917],[-1.4321,54.9158],[-1.4353,54.9142],[-1.4378,54.9156],[-1.4391,54.915],[-1.4401,54.9146],[-1.4413,54.9161],[-1.4422,54.9164],[-1.4423,54.9169],[-1.4401,54.9173],[-1.4401,54.9181],[-1.4397,54.9181],[-1.4397,54.9169],[-1.4392,54.9169],[-1.4372,54.9171],[-1.4373,54.9185],[-1.438,54.9185],[-1.4423,54.9183],[-1.4439,54.9185],[-1.4455,54.9184],[-1.4461,54.918],[-1.4456,54.9176],[-1.4464,54.9175],[-1.4466,54.9171],[-1.4461,54.9169],[-1.4467,54.9167],[-1.4462,54.9163],[-1.4468,54.9161],[-1.4463,54.9157],[-1.4468,54.9156],[-1.4465,54.9153],[-1.4472,54.9155],[-1.4478,54.9168],[-1.4492,54.9159],[-1.4497,54.9159],[-1.4499,54.9161],[-1.4496,54.9184],[-1.45,54.9187],[-1.4493,54.9194],[-1.4494,54.92],[-1.4482,54.9203],[-1.4454,54.9198],[-1.4451,54.9212],[-1.4456,54.9214],[-1.4459,54.9224],[-1.4449,54.9228],[-1.4452,54.9232],[-1.4441,54.9237],[-1.4406,54.9227]]]}},{"type":"Feature","properties":{"lsoa_code":"E01008694","lsoa_name":"Sunderland 008B"},"geometry":{"type":"Polygon","coordinates":[[[-1.4459,54.9224],[-1.4456,54.9214],[-1.4451,54.9212],[-1.4454,54.9198],[-1.4482,54.9203],[-1.4494,54.92],[-1.4525,54.9191],[-1.4531,54.9194],[-1.4522,54.9203],[-1.453,54.9201],[-1.4544,54.9209],[-1.4545,54.9215],[-1.4543,54.9219],[-1.4549,54.9221],[-1.4538,54.9227],[-1.454,54.9231],[-1.4531,54.9233],[-1.4524,54.923],[-1.4522,54.9234],[-1.4513,54.9234],[-1.4513,54.9229],[-1.4506,54.9228],[-1.4494,54.9231],[-1.4496,54.9219],[-1.4485,54.9219],[-1.4479,54.9223],[-1.4473,54.923],[-1.4488,54.9231],[-1.4496,54.9237],[-1.4491,54.9244],[-1.4495,54.9246],[-1.4494,54.9249],[-1.4476,54.925],[-1.4453,54.9242],[-1.4441,54.9237],[-1.4452,54.9232],[-1.4449,54.9228],[-1.4459,54.9224]]]}},{"type":"Feature","properties":{"lsoa_code":"E01008695","lsoa_name":"Sunderland 008C"},"geometry":{"type":"Polygon","coordinates":[[[-1.4538,54.9227],[-1.4549,54.9221],[-1.4543,54.9219],[-1.4545,54.9215],[-1.4544,54.9209],[-1.453,54.9201],[-1.4522,54.9203],[-1.4531,54.9194],[-1.4525,54.9191],[-1.4546,54.9185],[-1.4542,54.9182],[-1.4541,54.9178],[-1.4564,54.9179],[-1.4577,54.9176],[-1.4574,54.9171],[-1.458,54.9168],[-1.4573,54.9161],[-1.4589,54.9158],[-1.4582,54.9138],[-1.4575,54.913],[-1.4548,54.9113],[-1.4543,54.9114],[-1.4541,54.9111],[-1.4517,54.9119],[-1.4458,54.913],[-1.4442,54.9134],[-1.4443,54.9137],[-1.4435,54.9136],[-1.4401,54.9146],[-1.4391,54.915],[-1.4378,54.9156],[-1.4353,54.9142],[-1.4367,54.9135],[-1.4421,54.9126],[-1.4489,54.9104],[-1.4519,54.9089],[-1.4552,54.9061],[-1.4584,54.9046],[-1.4606,54.9078],[-1.461,54.9092],[-1.46,54.916],[-1.4604,54.9201],[-1.4608,54.9217],[-1.4602,54.9217],[-1.4603,54.9222],[-1.4596,54.922],[-1.4594,54.9224],[-1.4588,54.9222],[-1.4578,54.9225],[-1.4578,54.9229],[-1.4553,54.9234],[-1.454,54.9231],[-1.4538,54.9227]]]}},{"type":"Feature","properties":{"lsoa_code":"E01008696","lsoa_name":"Sunderland 008D"},"geometry":{"type":"Polygon","coordinates":[[[-1.4496,54.9184],[-1.4499,54.9161],[-1.4497,54.9159],[-1.4492,54.9159],[-1.4478,54.9168],[-1.4472,54.9155],[-1.4476,54.9154],[-1.4474,54.9151],[-1.4494,54.9148],[-1.4504,54.9139],[-1.4511,54.9138],[-1.452,54.9126],[-1.4515,54.9123],[-1.4517,54.9119],[-1.4541,54.9111],[-1.4543,54.9114],[-1.4548,54.9113],[-1.4575,54.913],[-1.4582,54.9138],[-1.4589,54.9158],[-1.4573,54.9161],[-1.458,54.9168],[-1.4574,54.9171],[-1.4577,54.9176],[-1.4564,54.9179],[-1.4541,54.9178],[-1.4542,54.9182],[-1.4546,54.9185],[-1.4525,54.9191],[-1.4494,54.92],[-1.4493,54.9194],[-1.45,54.9187],[-1.4496,54.9184]]]}},{"type":"Feature","properties":{"lsoa_code":"E01008697","lsoa_name":"Sunderland 008E"},"geometry":{"type":"Polygon","coordinates":[[[-1.4373,54.9185],[-1.4372,54.9171],[-1.4392,54.9169],[-1.4397,54.9169],[-1.4397,54.9181],[-1.4401,54.9181],[-1.4401,54.9173],[-1.4423,54.9169],[-1.4422,54.9164],[-1.4413,54.9161],[-1.4401,54.9146],[-1.4435,54.9136],[-1.4443,54.9137],[-1.4442,54.9134],[-1.4458,54.913],[-1.4517,54.9119],[-1.4515,54.9123],[-1.452,54.9126],[-1.4511,54.9138],[-1.4504,54.9139],[-1.4494,54.9148],[-1.4474,54.9151],[-1.4476,54.9154],[-1.4472,54.9155],[-1.4465,54.9153],[-1.4468,54.9156],[-1.4463,54.9157],[-1.4468,54.9161],[-1.4462,54.9163],[-1.4467,54.9167],[-1.4461,54.9169],[-1.4466,54.9171],[-1.4464,54.9175],[-1.4456,54.9176],[-1.4461,54.918],[-1.4455,54.9184],[-1.4439,54.9185],[-1.4423,54.9183],[-1.438,54.9185],[-1.4373,54.9185]]]}},{"type":"Feature","properties":{"lsoa_code":"E01008698","lsoa_name":"Sunderland 003A"},"geometry":{"type":"Polygon","coordinates":[[[-1.4565,54.9284],[-1.4551,54.9281],[-1.4545,54.9283],[-1.4524,54.928],[-1.4509,54.9278],[-1.4485,54.9274],[-1.4482,54.9274],[-1.4478,54.9273],[-1.4484,54.9252],[-1.4476,54.925],[-1.4494,54.9249],[-1.4495,54.9246],[-1.4499,54.9244],[-1.4505,54.9246],[-1.4508,54.9255],[-1.4535,54.9255],[-1.4537,54.926],[-1.4559,54.9261],[-1.4568,54.9261],[-1.4563,54.9256],[-1.4546,54.9256],[-1.4542,54.9253],[-1.4545,54.9251],[-1.4552,54.9249],[-1.4564,54.9253],[-1.4575,54.9252],[-1.4579,54.9246],[-1.4588,54.925],[-1.4594,54.9245],[-1.4602,54.9247],[-1.4602,54.9259],[-1.4594,54.9259],[-1.4596,54.9262],[-1.4607,54.9262],[-1.4615,54.9267],[-1.4596,54.9272],[-1.4592,54.9282],[-1.4581,54.9283],[-1.4565,54.9284]]]}},{"type":"Feature","properties":{"lsoa_code":"E01008699","lsoa_name":"Sunderland 008F"},"geometry":{"type":"Polygon","coordinates":[[[-1.4615,54.9267],[-1.4607,54.9262],[-1.4596,54.9262],[-1.4594,54.9259],[-1.4602,54.9259],[-1.4602,54.9247],[-1.4594,54.9245],[-1.4588,54.925],[-1.4579,54.9246],[-1.4575,54.9252],[-1.4564,54.9253],[-1.4552,54.9249],[-1.4545,54.9251],[-1.4542,54.9253],[-1.4546,54.9256],[-1.4563,54.9256],[-1.4568,54.9261],[-1.4559,54.9261],[-1.4537,54.926],[-1.4535,54.9255],[-1.4508,54.9255],[-1.4505,54.9246],[-1.4499,54.9244],[-1.4495,54.9246],[-1.4491,54.9244],[-1.4496,54.9237],[-1.4488,54.9231],[-1.4473,54.923],[-1.4479,54.9223],[-1.4485,54.9219],[-1.4496,54.9219],[-1.4494,54.9231],[-1.4506,54.9228],[-1.4513,54.9229],[-1.4513,54.9234],[-1.4522,54.9234],[-1.4524,54.923],[-1.4531,54.9233],[-1.454,54.9231],[-1.4553,54.9234],[-1.4578,54.9229],[-1.4578,54.9225],[-1.4588,54.9222],[-1.4594,54.9224],[-1.4596,54.922],[-1.4603,54.9222],[-1.4602,54.9217],[-1.4608,54.9217],[-1.4629,54.9258],[-1.4612,54.9258],[-1.4615,54.9267]]]}},{"type":"Feature","properties":{"lsoa_code":"E01008700","lsoa_name":"Sunderland 013A"},"geometry":{"type":"Polygon","coordinates":[[[-1.3936,54.9135],[-1.3924,54.9118],[-1.3883,54.9101],[-1.3887,54.9099],[-1.3891,54.9091],[-1.3855,54.9091],[-1.3855,54.9087],[-1.3848,54.9087],[-1.3846,54.908],[-1.3865,54.9073],[-1.3886,54.9077],[-1.3911,54.907],[-1.3909,54.9066],[-1.3924,54.906],[-1.3933,54.9067],[-1.394,54.9067],[-1.3937,54.9077],[-1.3942,54.9077],[-1.3944,54.9073],[-1.3961,54.907],[-1.3965,54.9081],[-1.3968,54.9088],[-1.3973,54.9091],[-1.398,54.9089],[-1.3988,54.9088],[-1.3996,54.9087],[-1.3993,54.907],[-1.3996,54.9068],[-1.4015,54.9068],[-1.4008,54.9072],[-1.4015,54.9084],[-1.4034,54.9079],[-1.4039,54.9082],[-1.4045,54.9085],[-1.4066,54.9084],[-1.407,54.9087],[-1.4063,54.9093],[-1.4067,54.9095],[-1.409,54.9095],[-1.4101,54.9092],[-1.4112,54.9092],[-1.4112,54.9096],[-1.4095,54.9114],[-1.4127,54.9118],[-1.4166,54.9127],[-1.4159,54.9161],[-1.4133,54.9152],[-1.4124,54.9143],[-1.411,54.9136],[-1.4087,54.9131],[-1.4079,54.9133],[-1.4075,54.9129],[-1.4052,54.9133],[-1.4019,54.9137],[-1.4001,54.9148],[-1.4,54.9153],[-1.3979,54.9166],[-1.3953,54.9166],[-1.3937,54.9159],[-1.3936,54.9135]]]}},{"type":"Feature","properties":{"lsoa_code":"E01008701","lsoa_name":"Sunderland 011A"},"geometry":{"type":"Polygon","coordinates":[[[-1.4114,54.9054],[-1.4113,54.9046],[-1.412,54.9044],[-1.4124,54.9048],[-1.4131,54.9044],[-1.4133,54.9046],[-1.4133,54.9047],[-1.4141,54.9073],[-1.4141,54.9074],[-1.4147,54.9095],[-1.4148,54.9096],[-1.4148,54.9097],[-1.4164,54.9118],[-1.4166,54.9127],[-1.4127,54.9118],[-1.4095,54.9114],[-1.4112,54.9096],[-1.4112,54.9092],[-1.4101,54.9092],[-1.4111,54.9087],[-1.4098,54.9076],[-1.4095,54.9074],[-1.4112,54.9068],[-1.4101,54.9059],[-1.4114,54.9054]]]}},{"type":"Feature","properties":{"lsoa_code":"E01008702","lsoa_name":"Sunderland 016A"},"geometry":{"type":"MultiPolygon","coordinates":[[[[-1.3516,54.9054],[-1.3517,54.9052],[-1.352,54.9052],[-1.3516,54.9054]]],[[[-1.3552,54.9147],[-1.3582,54.9136],[-1.3586,54.913],[-1.3573,54.911],[-1.3545,54.9095],[-1.354,54.9097],[-1.3546,54.9093],[-1.3535,54.9078],[-1.3504,54.9059],[-1.3509,54.9059],[-1.3537,54.9077],[-1.3547,54.9077],[-1.3553,54.9069],[-1.3552,54.9062],[-1.3557,54.9061],[-1.3551,54.9053],[-1.3578,54.9053],[-1.3634,54.9053],[-1.3649,54.9053],[-1.3703,54.9041],[-1.3713,54.9053],[-1.3715,54.906],[-1.3701,54.9062],[-1.3706,54.9068],[-1.3716,54.9066],[-1.3717,54.9068],[-1.3738,54.9065],[-1.3743,54.9075],[-1.3747,54.9085],[-1.3742,54.9082],[-1.3736,54.9083],[-1.3732,54.9081],[-1.3724,54.9085],[-1.372,54.9079],[-1.3713,54.9081],[-1.3713,54.9091],[-1.3707,54.9093],[-1.3702,54.9097],[-1.371,54.91],[-1.3694,54.9113],[-1.3666,54.9135],[-1.364,54.9132],[-1.3637,54.9136],[-1.3645,54.9159],[-1.3633,54.9157],[-1.3633,54.9166],[-1.3626,54.9162],[-1.3618,54.9172],[-1.3612,54.9173],[-1.3615,54.917],[-1.3609,54.916],[-1.3604,54.9161],[-1.3603,54.915],[-1.3592,54.9138],[-1.3583,54.9138],[-1.3559,54.9146],[-1.3538,54.9163],[-1.3527,54.9192],[-1.353,54.9171],[-1.3538,54.9158],[-1.3552,54.9147]]]]}},{"type":"Feature","properties":{"lsoa_code":"E01008703","lsoa_name":"Sunderland 013B"},"geometry":{"type":"Polygon","coordinates":[[[-1.3762,54.9099],[-1.3728,54.9095],[-1.371,54.91],[-1.3702,54.9097],[-1.3707,54.9093],[-1.3713,54.9091],[-1.3713,54.9081],[-1.372,54.9079],[-1.3724,54.9085],[-1.3732,54.9081],[-1.3736,54.9083],[-1.3742,54.9082],[-1.3747,54.9085],[-1.3743,54.9075],[-1.3738,54.9065],[-1.3717,54.9068],[-1.3716,54.9066],[-1.3706,54.9068],[-1.3701,54.9062],[-1.3715,54.906],[-1.3713,54.9053],[-1.3732,54.905],[-1.374,54.905],[-1.3763,54.9052],[-1.379,54.9045],[-1.3814,54.9044],[-1.3856,54.9042],[-1.3877,54.9036],[-1.3881,54.9036],[-1.389,54.9046],[-1.3899,54.9043],[-1.3909,54.9066],[-1.3911,54.907],[-1.3886,54.9077],[-1.3865,54.9073],[-1.3846,54.908],[-1.3848,54.9087],[-1.3855,54.9087],[-1.3855,54.9091],[-1.3891,54.9091],[-1.3887,54.9099],[-1.3883,54.9101],[-1.3873,54.9097],[-1.3829,54.9095],[-1.3821,54.9093],[-1.3774,54.9101],[-1.3762,54.9099]]]}},{"type":"Feature","properties":{"lsoa_code":"E01008704","lsoa_name":"Sunderland 011B"},"geometry":{"type":"Polygon","coordinates":[[[-1.4068,54.9081],[-1.4065,54.9076],[-1.406,54.9077],[-1.4055,54.9061],[-1.4047,54.9063],[-1.4041,54.9058],[-1.406,54.9054],[-1.4051,54.9039],[-1.4058,54.9037],[-1.4043,54.9018],[-1.4039,54.9018],[-1.4037,54.9016],[-1.406,54.9015],[-1.4075,54.9011],[-1.4096,54.9005],[-1.4126,54.9039],[-1.4131,54.9044],[-1.4124,54.9048],[-1.412,54.9044],[-1.4113,54.9046],[-1.4114,54.9054],[-1.4101,54.9059],[-1.4112,54.9068],[-1.4095,54.9074],[-1.4098,54.9076],[-1.4111,54.9087],[-1.4101,54.9092],[-1.409,54.9095],[-1.4067,54.9095],[-1.4063,54.9093],[-1.407,54.9087],[-1.4066,54.9084],[-1.4064,54.9082],[-1.4068,54.9081]]]}},{"type":"Feature","properties":{"lsoa_code":"E01008705","lsoa_name":"Sunderland 013C"},"geometry":{"type":"Polygon","coordinates":[[[-1.3965,54.9081],[-1.3961,54.907],[-1.3944,54.9073],[-1.3942,54.9077],[-1.3937,54.9077],[-1.394,54.9067],[-1.3933,54.9067],[-1.3924,54.906],[-1.3909,54.9066],[-1.3899,54.9043],[-1.3915,54.9039],[-1.3947,54.9032],[-1.3965,54.9039],[-1.3964,54.9042],[-1.3971,54.9048],[-1.398,54.9049],[-1.3978,54.9055],[-1.3969,54.9054],[-1.3961,54.9059],[-1.3967,54.9065],[-1.3983,54.9066],[-1.3985,54.9062],[-1.3996,54.9065],[-1.3996,54.9068],[-1.3993,54.907],[-1.3996,54.9087],[-1.3988,54.9088],[-1.398,54.9089],[-1.3973,54.9091],[-1.3968,54.9088],[-1.3965,54.9081]]]}},{"type":"Feature","properties":{"lsoa_code":"E01008706","lsoa_name":"Sunderland 011C"},"geometry":{"type":"Polygon","coordinates":[[[-1.4039,54.9082],[-1.4034,54.9079],[-1.4015,54.9084],[-1.4008,54.9072],[-1.4015,54.9068],[-1.3996,54.9068],[-1.3996,54.9065],[-1.3985,54.9062],[-1.3983,54.9066],[-1.3967,54.9065],[-1.3961,54.9059],[-1.3969,54.9054],[-1.3978,54.9055],[-1.398,54.9049],[-1.3971,54.9048],[-1.3964,54.9042],[-1.398,54.9035],[-1.3988,54.904],[-1.3981,54.9042],[-1.399,54.9047],[-1.4,54.9044],[-1.3999,54.9042],[-1.4007,54.904],[-1.4007,54.9046],[-1.4027,54.9042],[-1.4031,54.9042],[-1.4029,54.9045],[-1.4045,54.9041],[-1.4051,54.9039],[-1.406,54.9054],[-1.4041,54.9058],[-1.4047,54.9063],[-1.4055,54.9061],[-1.406,54.9077],[-1.4065,54.9076],[-1.4068,54.9081],[-1.4064,54.9082],[-1.4066,54.9084],[-1.4045,54.9085],[-1.4039,54.9082]]]}},{"type":"Feature","properties":{"lsoa_code":"E01008707","lsoa_name":"Sunderland 011D"},"geometry":{"type":"Polygon","coordinates":[[[-1.3981,54.9042],[-1.3988,54.904],[-1.398,54.9035],[-1.3964,54.9042],[-1.3965,54.9039],[-1.3947,54.9032],[-1.3974,54.9027],[-1.3985,54.9025],[-1.4013,54.9021],[-1.4025,54.9018],[-1.4028,54.9018],[-1.4037,54.9016],[-1.4039,54.9018],[-1.4043,54.9018],[-1.4058,54.9037],[-1.4051,54.9039],[-1.4045,54.9041],[-1.4029,54.9045],[-1.4031,54.9042],[-1.4027,54.9042],[-1.4007,54.9046],[-1.4007,54.904],[-1.3999,54.9042],[-1.4,54.9044],[-1.399,54.9047],[-1.3981,54.9042]]]}},{"type":"Feature","properties":{"lsoa_code":"E01008708","lsoa_name":"Sunderland 005A"},"geometry":{"type":"Polygon","coordinates":[[[-1.3892,54.9263],[-1.3885,54.9246],[-1.3872,54.9246],[-1.3876,54.9241],[-1.3885,54.9239],[-1.3877,54.9233],[-1.3874,54.9227],[-1.3879,54.9226],[-1.3883,54.9224],[-1.3874,54.9216],[-1.3868,54.9214],[-1.3869,54.9217],[-1.3863,54.9218],[-1.3855,54.9203],[-1.3853,54.92],[-1.3869,54.9196],[-1.3862,54.9188],[-1.3871,54.9182],[-1.3876,54.918],[-1.3859,54.9166],[-1.3866,54.916],[-1.3875,54.9164],[-1.3902,54.9174],[-1.3893,54.9177],[-1.3903,54.9187],[-1.3902,54.9191],[-1.3894,54.919],[-1.3891,54.9193],[-1.3911,54.9196],[-1.3915,54.9196],[-1.3915,54.9189],[-1.3932,54.9193],[-1.3929,54.9198],[-1.3936,54.9203],[-1.3935,54.921],[-1.3921,54.9212],[-1.392,54.9214],[-1.393,54.9215],[-1.392,54.9225],[-1.392,54.9235],[-1.3928,54.9244],[-1.392,54.9244],[-1.3914,54.9248],[-1.3903,54.9247],[-1.391,54.9258],[-1.3906,54.9261],[-1.3892,54.9263]]]}},{"type":"Feature","properties":{"lsoa_code":"E01008709","lsoa_name":"Sunderland 005B"},"geometry":{"type":"Polygon","coordinates":[[[-1.3968,54.9221],[-1.3959,54.9219],[-1.3954,54.9219],[-1.3954,54.9212],[-1.395,54.9212],[-1.3949,54.9204],[-1.3936,54.9203],[-1.3929,54.9198],[-1.3932,54.9193],[-1.3915,54.9189],[-1.3915,54.9196],[-1.3911,54.9196],[-1.3891,54.9193],[-1.3894,54.919],[-1.3902,54.9191],[-1.3903,54.9187],[-1.3893,54.9177],[-1.3902,54.9174],[-1.3875,54.9164],[-1.3886,54.9164],[-1.3911,54.9174],[-1.3927,54.9179],[-1.3929,54.9182],[-1.3933,54.9179],[-1.3959,54.9189],[-1.3986,54.9189],[-1.3974,54.9176],[-1.4004,54.9165],[-1.4008,54.9199],[-1.3998,54.9199],[-1.3997,54.9207],[-1.3993,54.9206],[-1.3977,54.9219],[-1.3977,54.9206],[-1.3969,54.9207],[-1.3968,54.9221]]]}},{"type":"Feature","properties":{"lsoa_code":"E01008711","lsoa_name":"Sunderland 005D"},"geometry":{"type":"Polygon","coordinates":[[[-1.3849,54.9259],[-1.3841,54.924],[-1.3837,54.923],[-1.383,54.9215],[-1.3827,54.92],[-1.3828,54.9189],[-1.3834,54.9171],[-1.3828,54.9161],[-1.3826,54.9157],[-1.3825,54.9149],[-1.3825,54.9146],[-1.3868,54.9136],[-1.3871,54.9139],[-1.3879,54.9137],[-1.3881,54.9132],[-1.3889,54.9129],[-1.3901,54.9129],[-1.3908,54.9136],[-1.3916,54.9137],[-1.3916,54.9153],[-1.3923,54.9166],[-1.3945,54.9177],[-1.396,54.9179],[-1.3974,54.9176],[-1.3986,54.9189],[-1.3959,54.9189],[-1.3933,54.9179],[-1.3929,54.9182],[-1.3927,54.9179],[-1.3911,54.9174],[-1.3886,54.9164],[-1.3875,54.9164],[-1.3866,54.916],[-1.3859,54.9166],[-1.3876,54.918],[-1.3871,54.9182],[-1.3862,54.9188],[-1.3869,54.9196],[-1.3853,54.92],[-1.3855,54.9203],[-1.3863,54.9218],[-1.3869,54.9217],[-1.3868,54.9214],[-1.3874,54.9216],[-1.3883,54.9224],[-1.3879,54.9226],[-1.3874,54.9227],[-1.3877,54.9233],[-1.3885,54.9239],[-1.3876,54.9241],[-1.3872,54.9246],[-1.3879,54.9255],[-1.3866,54.9257],[-1.3865,54.926],[-1.3857,54.9256],[-1.385,54.9262],[-1.3849,54.9259]]]}},{"type":"Feature","properties":{"lsoa_code":"E01008712","lsoa_name":"Sunderland 004A"},"geometry":{"type":"Polygon","coordinates":[[[-1.3997,54.9296],[-1.3986,54.9289],[-1.3975,54.9289],[-1.3962,54.9267],[-1.3953,54.9268],[-1.3948,54.9263],[-1.3941,54.9264],[-1.3936,54.927],[-1.3912,54.9272],[-1.3912,54.9269],[-1.3917,54.9268],[-1.391,54.9258],[-1.3903,54.9247],[-1.3914,54.9248],[-1.392,54.9244],[-1.3928,54.9244],[-1.392,54.9235],[-1.3941,54.9236],[-1.3937,54.9238],[-1.3942,54.9245],[-1.3957,54.9247],[-1.3962,54.9242],[-1.3964,54.9248],[-1.3981,54.9248],[-1.3981,54.9253],[-1.4002,54.9253],[-1.4007,54.9255],[-1.4013,54.9258],[-1.4032,54.9257],[-1.4026,54.9249],[-1.4065,54.9248],[-1.4068,54.9261],[-1.4075,54.9268],[-1.4088,54.928],[-1.4097,54.9279],[-1.4101,54.9302],[-1.4117,54.9314],[-1.4121,54.9326],[-1.4109,54.9331],[-1.4125,54.9358],[-1.4103,54.9364],[-1.407,54.9369],[-1.406,54.9373],[-1.4044,54.9345],[-1.4012,54.9332],[-1.3999,54.9318],[-1.4003,54.9308],[-1.3997,54.9296]]]}},{"type":"Feature","properties":{"lsoa_code":"E01008713","lsoa_name":"Sunderland 001A"},"geometry":{"type":"Polygon","coordinates":[[[-1.3862,54.929],[-1.3854,54.927],[-1.385,54.9262],[-1.3857,54.9256],[-1.3865,54.926],[-1.3866,54.9257],[-1.3879,54.9255],[-1.3872,54.9246],[-1.3885,54.9246],[-1.3892,54.9263],[-1.3906,54.9261],[-1.391,54.9258],[-1.3917,54.9268],[-1.3912,54.9269],[-1.3912,54.9272],[-1.3936,54.927],[-1.3941,54.9264],[-1.3948,54.9263],[-1.3953,54.9268],[-1.3962,54.9267],[-1.3975,54.9289],[-1.3986,54.9289],[-1.3997,54.9296],[-1.4003,54.9308],[-1.3999,54.9318],[-1.4012,54.9332],[-1.4044,54.9345],[-1.406,54.9373],[-1.4027,54.9386],[-1.3981,54.9396],[-1.3934,54.9396],[-1.3928,54.9349],[-1.3908,54.9339],[-1.389,54.9328],[-1.3869,54.9304],[-1.3862,54.929]]]}},{"type":"Feature","properties":{"lsoa_code":"E01008714","lsoa_name":"Sunderland 034A"},"geometry":{"type":"Polygon","coordinates":[[[-1.4626,54.8443],[-1.4617,54.8435],[-1.4605,54.8436],[-1.4601,54.8433],[-1.4595,54.8437],[-1.4591,54.8433],[-1.457,54.8436],[-1.4543,54.8434],[-1.4571,54.8416],[-1.4546,54.8398],[-1.4543,54.8396],[-1.4547,54.8393],[-1.4539,54.8385],[-1.4544,54.8382],[-1.4567,54.8382],[-1.4562,54.8379],[-1.4562,54.8375],[-1.4579,54.8371],[-1.4603,54.836],[-1.4609,54.8361],[-1.458,54.8375],[-1.4583,54.8378],[-1.4587,54.8377],[-1.4595,54.839],[-1.4601,54.839],[-1.4606,54.8395],[-1.4605,54.8392],[-1.4618,54.8393],[-1.4642,54.8397],[-1.4639,54.8402],[-1.4647,54.8409],[-1.4641,54.8414],[-1.4639,54.8425],[-1.465,54.8433],[-1.4636,54.8436],[-1.4648,54.8448],[-1.4641,54.8455],[-1.462,54.8451],[-1.4626,54.8443]]]}},{"type":"Feature","properties":{"lsoa_code":"E01008715","lsoa_name":"Sunderland 034B"},"geometry":{"type":"Polygon","coordinates":[[[-1.4618,54.8393],[-1.4605,54.8392],[-1.4606,54.8395],[-1.4601,54.839],[-1.4595,54.839],[-1.4587,54.8377],[-1.4598,54.8373],[-1.4607,54.8388],[-1.4617,54.8386],[-1.4612,54.8379],[-1.4637,54.8374],[-1.4642,54.8385],[-1.465,54.8384],[-1.4655,54.8386],[-1.4655,54.8386],[-1.4665,54.8385],[-1.4676,54.8379],[-1.4682,54.8375],[-1.4683,54.8379],[-1.4709,54.838],[-1.4707,54.8388],[-1.4719,54.8391],[-1.468,54.8409],[-1.4673,54.8419],[-1.4674,54.8432],[-1.4663,54.8435],[-1.466,54.8442],[-1.4675,54.845],[-1.4669,54.8464],[-1.4659,54.8463],[-1.4641,54.8455],[-1.4648,54.8448],[-1.4636,54.8436],[-1.465,54.8433],[-1.4639,54.8425],[-1.4641,54.8414],[-1.4647,54.8409],[-1.4639,54.8402],[-1.4642,54.8397],[-1.4618,54.8393]]]}},{"type":"Feature","properties":{"lsoa_code":"E01008716","lsoa_name":"Sunderland 034C"},"geometry":{"type":"Polygon","coordinates":[[[-1.4382,54.8412],[-1.4352,54.8377],[-1.438,54.8374],[-1.4386,54.8375],[-1.4412,54.8359],[-1.4446,54.8352],[-1.4467,54.834],[-1.4487,54.834],[-1.4489,54.8337],[-1.4495,54.8344],[-1.4509,54.8347],[-1.455,54.8344],[-1.4577,54.8336],[-1.4599,54.8327],[-1.464,54.8313],[-1.4655,54.8313],[-1.4673,54.831],[-1.4676,54.8305],[-1.4696,54.8304],[-1.4712,54.8318],[-1.4725,54.8318],[-1.4739,54.8326],[-1.4755,54.8328],[-1.4763,54.8333],[-1.4761,54.8337],[-1.4745,54.8335],[-1.4739,54.8337],[-1.4739,54.8335],[-1.4735,54.8335],[-1.4732,54.8343],[-1.4725,54.8345],[-1.4729,54.8332],[-1.4719,54.8333],[-1.4719,54.8345],[-1.471,54.8348],[-1.472,54.8351],[-1.4676,54.8355],[-1.4666,54.8355],[-1.4662,54.8355],[-1.4648,54.8346],[-1.464,54.8349],[-1.4635,54.8347],[-1.4619,54.8342],[-1.4621,54.8349],[-1.4603,54.8355],[-1.4612,54.836],[-1.4609,54.8361],[-1.4603,54.836],[-1.4579,54.8371],[-1.4562,54.8375],[-1.4562,54.8379],[-1.4567,54.8382],[-1.4544,54.8382],[-1.4539,54.8385],[-1.4547,54.8393],[-1.4543,54.8396],[-1.4532,54.8385],[-1.4527,54.8384],[-1.4395,54.8408],[-1.4382,54.8412]]]}},{"type":"Feature","properties":{"lsoa_code":"E01008717","lsoa_name":"Sunderland 034D"},"geometry":{"type":"Polygon","coordinates":[[[-1.4683,54.8379],[-1.4682,54.8375],[-1.4676,54.8379],[-1.4665,54.8385],[-1.4655,54.8386],[-1.4655,54.8386],[-1.465,54.8384],[-1.4642,54.8385],[-1.4637,54.8374],[-1.4612,54.8379],[-1.4617,54.8386],[-1.4607,54.8388],[-1.4598,54.8373],[-1.4587,54.8377],[-1.4583,54.8378],[-1.458,54.8375],[-1.4609,54.8361],[-1.4612,54.836],[-1.4603,54.8355],[-1.4621,54.8349],[-1.4619,54.8342],[-1.4635,54.8347],[-1.464,54.8349],[-1.4648,54.8346],[-1.4662,54.8355],[-1.4666,54.8355],[-1.4676,54.8355],[-1.472,54.8351],[-1.471,54.8348],[-1.4719,54.8345],[-1.4719,54.8333],[-1.4729,54.8332],[-1.4725,54.8345],[-1.4732,54.8343],[-1.4735,54.8335],[-1.4739,54.8335],[-1.4739,54.8337],[-1.4745,54.8335],[-1.4761,54.8337],[-1.4756,54.8352],[-1.4743,54.8376],[-1.4725,54.8388],[-1.4719,54.8391],[-1.4707,54.8388],[-1.4709,54.838],[-1.4683,54.8379]]]}},{"type":"Feature","properties":{"lsoa_code":"E01008718","lsoa_name":"Sunderland 035A"},"geometry":{"type":"Polygon","coordinates":[[[-1.4475,54.8291],[-1.4455,54.8289],[-1.4401,54.8297],[-1.4365,54.8291],[-1.4348,54.8284],[-1.4347,54.8278],[-1.4472,54.8277],[-1.4485,54.8277],[-1.449,54.8277],[-1.4489,54.827],[-1.4498,54.8267],[-1.4512,54.8268],[-1.4512,54.8281],[-1.452,54.8282],[-1.4516,54.8268],[-1.4527,54.8267],[-1.4526,54.8261],[-1.4533,54.8258],[-1.4542,54.8258],[-1.4548,54.8274],[-1.4571,54.83],[-1.4587,54.8317],[-1.4599,54.8327],[-1.4577,54.8336],[-1.455,54.8344],[-1.4522,54.8328],[-1.4503,54.8326],[-1.4485,54.8325],[-1.4479,54.8315],[-1.4475,54.8291]]]}},{"type":"Feature","properties":{"lsoa_code":"E01008719","lsoa_name":"Sunderland 035B"},"geometry":{"type":"Polygon","coordinates":[[[-1.4139,54.8414],[-1.4167,54.8409],[-1.4173,54.841],[-1.4192,54.8398],[-1.4215,54.8395],[-1.4216,54.8381],[-1.4207,54.8337],[-1.4165,54.8306],[-1.416,54.8294],[-1.4168,54.8287],[-1.4155,54.8274],[-1.4157,54.8263],[-1.4142,54.8259],[-1.4131,54.8245],[-1.413,54.8233],[-1.4158,54.8242],[-1.4181,54.8244],[-1.4183,54.8263],[-1.4242,54.8273],[-1.4245,54.8278],[-1.4258,54.8278],[-1.4299,54.8269],[-1.4333,54.8267],[-1.4373,54.827],[-1.4388,54.8265],[-1.4407,54.826],[-1.4414,54.8258],[-1.444,54.8256],[-1.4457,54.8251],[-1.4464,54.8242],[-1.448,54.824],[-1.4517,54.8221],[-1.4524,54.8217],[-1.4527,54.8221],[-1.454,54.8241],[-1.4542,54.8258],[-1.4533,54.8258],[-1.4526,54.8261],[-1.4527,54.8267],[-1.4516,54.8268],[-1.452,54.8282],[-1.4512,54.8281],[-1.4512,54.8268],[-1.4498,54.8267],[-1.4489,54.827],[-1.449,54.8277],[-1.4485,54.8277],[-1.4472,54.8277],[-1.4347,54.8278],[-1.4348,54.8284],[-1.4365,54.8291],[-1.4401,54.8297],[-1.4455,54.8289],[-1.4475,54.8291],[-1.4479,54.8315],[-1.4485,54.8325],[-1.4503,54.8326],[-1.4522,54.8328],[-1.455,54.8344],[-1.4509,54.8347],[-1.4495,54.8344],[-1.4489,54.8337],[-1.4487,54.834],[-1.4467,54.834],[-1.4446,54.8352],[-1.4412,54.8359],[-1.4386,54.8375],[-1.438,54.8374],[-1.4352,54.8377],[-1.4382,54.8412],[-1.4366,54.8433],[-1.4373,54.8451],[-1.4384,54.8466],[-1.4376,54.847],[-1.4382,54.8478],[-1.4367,54.8481],[-1.4367,54.8513],[-1.4328,54.8534],[-1.4323,54.8537],[-1.4279,54.8526],[-1.4208,54.8503],[-1.4209,54.849],[-1.4183,54.849],[-1.4159,54.8472],[-1.4136,54.8449],[-1.4119,54.8431],[-1.412,54.8419],[-1.4138,54.8418],[-1.4139,54.8414]]]}},{"type":"Feature","properties":{"lsoa_code":"E01008720","lsoa_name":"Sunderland 032A"},"geometry":{"type":"Polygon","coordinates":[[[-1.4285,54.8581],[-1.4236,54.8568],[-1.4196,54.8557],[-1.424,54.8556],[-1.4349,54.8545],[-1.4344,54.8541],[-1.4333,54.854],[-1.4328,54.8534],[-1.4367,54.8513],[-1.4367,54.8481],[-1.4382,54.8478],[-1.4376,54.847],[-1.4384,54.8466],[-1.4373,54.8451],[-1.4366,54.8433],[-1.4382,54.8412],[-1.4395,54.8408],[-1.4527,54.8384],[-1.4532,54.8385],[-1.4543,54.8396],[-1.4546,54.8398],[-1.4571,54.8416],[-1.4543,54.8434],[-1.457,54.8436],[-1.4591,54.8433],[-1.4595,54.8437],[-1.4601,54.8433],[-1.4605,54.8436],[-1.4617,54.8435],[-1.4626,54.8443],[-1.462,54.8451],[-1.4641,54.8455],[-1.4659,54.8463],[-1.4669,54.8464],[-1.4675,54.845],[-1.466,54.8442],[-1.4663,54.8435],[-1.4674,54.8432],[-1.4695,54.844],[-1.4713,54.8459],[-1.4728,54.8473],[-1.4743,54.8478],[-1.4759,54.8488],[-1.4763,54.8496],[-1.4767,54.8511],[-1.4764,54.8543],[-1.477,54.8547],[-1.4773,54.8555],[-1.4769,54.8559],[-1.4776,54.8558],[-1.4775,54.8567],[-1.4772,54.8571],[-1.4757,54.8571],[-1.4762,54.8573],[-1.4765,54.8585],[-1.4762,54.8586],[-1.4754,54.8578],[-1.4736,54.8584],[-1.473,54.858],[-1.4724,54.8581],[-1.4667,54.8591],[-1.4639,54.859],[-1.463,54.8574],[-1.4554,54.8579],[-1.4535,54.8577],[-1.451,54.8594],[-1.4463,54.8648],[-1.4422,54.8624],[-1.4366,54.8602],[-1.4285,54.8581]]]}},{"type":"Feature","properties":{"lsoa_code":"E01008721","lsoa_name":"Sunderland 032B"},"geometry":{"type":"Polygon","coordinates":[[[-1.4773,54.8605],[-1.4762,54.8586],[-1.4765,54.8585],[-1.4762,54.8573],[-1.4757,54.8571],[-1.4772,54.8571],[-1.4775,54.8567],[-1.4776,54.8558],[-1.4769,54.8559],[-1.4773,54.8555],[-1.477,54.8547],[-1.4764,54.8543],[-1.4799,54.853],[-1.4801,54.8533],[-1.4815,54.8551],[-1.4824,54.8564],[-1.4836,54.8579],[-1.4849,54.8596],[-1.4848,54.8605],[-1.4816,54.8603],[-1.4805,54.8611],[-1.4789,54.8615],[-1.4775,54.8616],[-1.4773,54.8605]]]}},{"type":"Feature","properties":{"lsoa_code":"E01008722","lsoa_name":"Sunderland 001B"},"geometry":{"type":"Polygon","coordinates":[[[-1.3874,54.9344],[-1.3847,54.9331],[-1.3842,54.9332],[-1.3835,54.9328],[-1.3828,54.9323],[-1.3821,54.9307],[-1.382,54.9303],[-1.3813,54.9289],[-1.3813,54.9286],[-1.3825,54.9285],[-1.3824,54.9277],[-1.3845,54.9276],[-1.3837,54.927],[-1.3834,54.9265],[-1.3838,54.9263],[-1.3849,54.9259],[-1.385,54.9262],[-1.3854,54.927],[-1.3862,54.929],[-1.3869,54.9304],[-1.389,54.9328],[-1.3908,54.9339],[-1.3901,54.9344],[-1.3886,54.9336],[-1.3876,54.9342],[-1.3877,54.9345],[-1.3874,54.9344]]]}},{"type":"Feature","properties":{"lsoa_code":"E01008723","lsoa_name":"Sunderland 002A"},"geometry":{"type":"Polygon","coordinates":[[[-1.364,54.9441],[-1.3646,54.942],[-1.3664,54.9397],[-1.3676,54.9369],[-1.3679,54.9346],[-1.3675,54.9331],[-1.3654,54.9311],[-1.3675,54.9311],[-1.3703,54.9309],[-1.3723,54.9315],[-1.3727,54.9326],[-1.3715,54.9327],[-1.3701,54.9329],[-1.3703,54.9348],[-1.3713,54.9347],[-1.3717,54.9353],[-1.3727,54.9354],[-1.3745,54.935],[-1.3746,54.9351],[-1.3755,54.9355],[-1.376,54.9363],[-1.3795,54.9358],[-1.3801,54.9369],[-1.3794,54.9374],[-1.3788,54.9369],[-1.377,54.9373],[-1.3757,54.9369],[-1.3752,54.9395],[-1.3745,54.9429],[-1.3745,54.943],[-1.3742,54.9435],[-1.3721,54.9434],[-1.3718,54.9433],[-1.3667,54.9429],[-1.3661,54.9429],[-1.3657,54.9442],[-1.364,54.9441]]]}},{"type":"Feature","properties":{"lsoa_code":"E01008724","lsoa_name":"Sunderland 001C"},"geometry":{"type":"Polygon","coordinates":[[[-1.3881,54.9371],[-1.388,54.9368],[-1.385,54.9371],[-1.3851,54.9364],[-1.3866,54.9356],[-1.3867,54.9352],[-1.388,54.9354],[-1.388,54.935],[-1.3872,54.9347],[-1.3874,54.9344],[-1.3877,54.9345],[-1.3876,54.9342],[-1.3886,54.9336],[-1.3901,54.9344],[-1.3908,54.9339],[-1.3928,54.9349],[-1.3934,54.9396],[-1.3918,54.9394],[-1.3909,54.9386],[-1.3916,54.938],[-1.3899,54.9373],[-1.3881,54.9371]]]}},{"type":"Feature","properties":{"lsoa_code":"E01008725","lsoa_name":"Sunderland 002B"},"geometry":{"type":"Polygon","coordinates":[[[-1.3746,54.9351],[-1.3745,54.935],[-1.3727,54.9354],[-1.3717,54.9353],[-1.3713,54.9347],[-1.3703,54.9348],[-1.3701,54.9329],[-1.3715,54.9327],[-1.3727,54.9326],[-1.3723,54.9315],[-1.3703,54.9309],[-1.3713,54.9308],[-1.3722,54.9307],[-1.3724,54.9292],[-1.3728,54.9292],[-1.3728,54.9297],[-1.3733,54.9297],[-1.3733,54.9304],[-1.3746,54.9304],[-1.3747,54.9304],[-1.3759,54.9302],[-1.3759,54.9305],[-1.3751,54.9306],[-1.3755,54.9315],[-1.3769,54.9316],[-1.3769,54.9319],[-1.3775,54.9318],[-1.3778,54.9326],[-1.3773,54.9327],[-1.3776,54.9332],[-1.3777,54.9335],[-1.3781,54.9334],[-1.3809,54.9342],[-1.3811,54.9356],[-1.3795,54.9358],[-1.376,54.9363],[-1.3755,54.9355],[-1.3746,54.9351]]]}},{"type":"Feature","properties":{"lsoa_code":"E01008726","lsoa_name":"Sunderland 001D"},"geometry":{"type":"Polygon","coordinates":[[[-1.3811,54.9382],[-1.3794,54.9374],[-1.3801,54.9369],[-1.3795,54.9358],[-1.3811,54.9356],[-1.3809,54.9342],[-1.3781,54.9334],[-1.3777,54.9335],[-1.3776,54.9332],[-1.3773,54.9327],[-1.3778,54.9326],[-1.3775,54.9318],[-1.3769,54.9319],[-1.3769,54.9316],[-1.3784,54.9314],[-1.3781,54.9312],[-1.3773,54.9314],[-1.3772,54.9306],[-1.3768,54.9304],[-1.378,54.93],[-1.3788,54.9298],[-1.3808,54.9297],[-1.3809,54.9289],[-1.3813,54.9289],[-1.382,54.9303],[-1.3821,54.9307],[-1.3828,54.9323],[-1.3835,54.9328],[-1.3842,54.9332],[-1.3847,54.9331],[-1.3874,54.9344],[-1.3872,54.9347],[-1.388,54.935],[-1.388,54.9354],[-1.3867,54.9352],[-1.3866,54.9356],[-1.3851,54.9364],[-1.385,54.9371],[-1.388,54.9368],[-1.3881,54.9371],[-1.3899,54.9373],[-1.3916,54.938],[-1.3909,54.9386],[-1.3879,54.938],[-1.3841,54.9386],[-1.3811,54.9382]]]}},{"type":"Feature","properties":{"lsoa_code":"E01008727","lsoa_name":"Sunderland 002C"},"geometry":{"type":"Polygon","coordinates":[[[-1.3755,54.9315],[-1.3751,54.9306],[-1.3759,54.9305],[-1.3759,54.9302],[-1.3747,54.9304],[-1.3746,54.9304],[-1.3733,54.9304],[-1.3733,54.9297],[-1.3728,54.9297],[-1.3728,54.9292],[-1.373,54.9276],[-1.373,54.9266],[-1.3738,54.9267],[-1.3738,54.9279],[-1.3757,54.9278],[-1.3758,54.9272],[-1.3766,54.9272],[-1.3766,54.9279],[-1.379,54.9278],[-1.3798,54.9278],[-1.3806,54.9277],[-1.3807,54.9284],[-1.3812,54.9284],[-1.3813,54.9286],[-1.3813,54.9289],[-1.3809,54.9289],[-1.3808,54.9297],[-1.3788,54.9298],[-1.378,54.93],[-1.3768,54.9304],[-1.3772,54.9306],[-1.3773,54.9314],[-1.3781,54.9312],[-1.3784,54.9314],[-1.3769,54.9316],[-1.3755,54.9315]]]}},{"type":"Feature","properties":{"lsoa_code":"E01008728","lsoa_name":"Sunderland 002D"},"geometry":{"type":"Polygon","coordinates":[[[-1.3813,54.9286],[-1.3812,54.9284],[-1.3807,54.9284],[-1.3806,54.9277],[-1.3798,54.9278],[-1.379,54.9278],[-1.3766,54.9279],[-1.3766,54.9272],[-1.3758,54.9272],[-1.3757,54.9278],[-1.3738,54.9279],[-1.3738,54.9267],[-1.373,54.9266],[-1.373,54.9263],[-1.377,54.9264],[-1.3773,54.9264],[-1.3806,54.9265],[-1.381,54.9265],[-1.3806,54.9243],[-1.3806,54.9242],[-1.3805,54.9238],[-1.3822,54.9241],[-1.3841,54.924],[-1.3849,54.9259],[-1.3838,54.9263],[-1.3834,54.9265],[-1.3837,54.927],[-1.3845,54.9276],[-1.3824,54.9277],[-1.3825,54.9285],[-1.3813,54.9286]]]}},{"type":"Feature","properties":{"lsoa_code":"E01008729","lsoa_name":"Sunderland 021A"},"geometry":{"type":"Polygon","coordinates":[[[-1.4475,54.8954],[-1.4466,54.895],[-1.4459,54.8951],[-1.4455,54.8947],[-1.4459,54.8944],[-1.4446,54.8933],[-1.4455,54.8927],[-1.4457,54.8925],[-1.4452,54.8924],[-1.4437,54.8929],[-1.4428,54.8924],[-1.4423,54.8926],[-1.443,54.8933],[-1.4429,54.8941],[-1.4424,54.8942],[-1.4414,54.893],[-1.4419,54.8924],[-1.4414,54.8925],[-1.4412,54.8919],[-1.4411,54.8918],[-1.4412,54.8913],[-1.4426,54.8908],[-1.4424,54.8904],[-1.4427,54.8901],[-1.4422,54.8899],[-1.4424,54.8895],[-1.443,54.8895],[-1.4434,54.89],[-1.4441,54.8897],[-1.4437,54.8897],[-1.4436,54.8891],[-1.4443,54.8893],[-1.4463,54.8886],[-1.4472,54.8889],[-1.4473,54.8893],[-1.4477,54.8897],[-1.4481,54.8899],[-1.4491,54.8896],[-1.4506,54.8906],[-1.4517,54.8907],[-1.4522,54.8906],[-1.4521,54.891],[-1.4529,54.891],[-1.4527,54.8914],[-1.4536,54.892],[-1.4537,54.8929],[-1.452,54.8927],[-1.4506,54.8929],[-1.4486,54.894],[-1.449,54.8943],[-1.4487,54.8947],[-1.4478,54.8948],[-1.4475,54.8954]]]}},{"type":"Feature","properties":{"lsoa_code":"E01008730","lsoa_name":"Sunderland 021B"},"geometry":{"type":"Polygon","coordinates":[[[-1.4447,54.8976],[-1.445,54.8968],[-1.4455,54.8967],[-1.4483,54.8969],[-1.4484,54.8969],[-1.4488,54.8966],[-1.4481,54.8959],[-1.4471,54.8959],[-1.4475,54.8954],[-1.4478,54.8948],[-1.4487,54.8947],[-1.449,54.8943],[-1.4486,54.894],[-1.4506,54.8929],[-1.452,54.8927],[-1.4537,54.8929],[-1.4536,54.892],[-1.4527,54.8914],[-1.4529,54.891],[-1.4542,54.8904],[-1.4571,54.89],[-1.4573,54.8895],[-1.4583,54.8893],[-1.4583,54.8903],[-1.4583,54.8904],[-1.4576,54.8933],[-1.4558,54.8968],[-1.4542,54.8959],[-1.4525,54.8966],[-1.4513,54.8974],[-1.4491,54.8989],[-1.4475,54.8995],[-1.4472,54.8996],[-1.4444,54.9006],[-1.4437,54.9003],[-1.443,54.8997],[-1.4439,54.8992],[-1.4424,54.8977],[-1.4447,54.8976]]]}},{"type":"Feature","properties":{"lsoa_code":"E01008731","lsoa_name":"Sunderland 021C"},"geometry":{"type":"Polygon","coordinates":[[[-1.4424,54.8977],[-1.4414,54.8965],[-1.4407,54.8959],[-1.4396,54.8961],[-1.4387,54.8951],[-1.4376,54.8939],[-1.4376,54.8938],[-1.4371,54.8933],[-1.4368,54.8931],[-1.4361,54.8925],[-1.4358,54.892],[-1.435,54.8919],[-1.4346,54.8916],[-1.4362,54.8916],[-1.4372,54.8911],[-1.4372,54.8903],[-1.4377,54.8902],[-1.438,54.8906],[-1.4386,54.891],[-1.438,54.8916],[-1.4385,54.8921],[-1.4393,54.8921],[-1.4396,54.8924],[-1.4398,54.8918],[-1.4404,54.8921],[-1.4411,54.8918],[-1.4412,54.8919],[-1.4414,54.8925],[-1.4419,54.8924],[-1.4414,54.893],[-1.4424,54.8942],[-1.4429,54.8941],[-1.443,54.8933],[-1.4423,54.8926],[-1.4428,54.8924],[-1.4437,54.8929],[-1.4452,54.8924],[-1.4457,54.8925],[-1.4455,54.8927],[-1.4446,54.8933],[-1.4459,54.8944],[-1.4455,54.8947],[-1.4459,54.8951],[-1.4466,54.895],[-1.4475,54.8954],[-1.4471,54.8959],[-1.4481,54.8959],[-1.4488,54.8966],[-1.4484,54.8969],[-1.4483,54.8969],[-1.4455,54.8967],[-1.445,54.8968],[-1.4447,54.8976],[-1.4424,54.8977]]]}},{"type":"Feature","properties":{"lsoa_code":"E01008732","lsoa_name":"Sunderland 021D"},"geometry":{"type":"Polygon","coordinates":[[[-1.4284,54.8918],[-1.4289,54.891],[-1.4316,54.8894],[-1.433,54.889],[-1.4356,54.8882],[-1.4363,54.8881],[-1.4369,54.8884],[-1.4392,54.8881],[-1.4413,54.8884],[-1.4414,54.8885],[-1.4417,54.8889],[-1.4405,54.8891],[-1.4424,54.8895],[-1.4422,54.8899],[-1.4427,54.8901],[-1.4424,54.8904],[-1.4426,54.8908],[-1.4412,54.8913],[-1.4411,54.8918],[-1.4404,54.8921],[-1.4398,54.8918],[-1.4396,54.8924],[-1.4393,54.8921],[-1.4385,54.8921],[-1.438,54.8916],[-1.4386,54.891],[-1.438,54.8906],[-1.4377,54.8902],[-1.4372,54.8903],[-1.4372,54.8911],[-1.4362,54.8916],[-1.4346,54.8916],[-1.435,54.8919],[-1.4358,54.892],[-1.4361,54.8925],[-1.4368,54.8931],[-1.4296,54.8949],[-1.4292,54.8941],[-1.4286,54.8935],[-1.4274,54.8924],[-1.4284,54.8918]]]}},{"type":"Feature","properties":{"lsoa_code":"E01008733","lsoa_name":"Sunderland 021E"},"geometry":{"type":"Polygon","coordinates":[[[-1.4506,54.8906],[-1.4491,54.8896],[-1.4481,54.8899],[-1.4477,54.8897],[-1.4473,54.8893],[-1.4472,54.8889],[-1.4463,54.8886],[-1.4443,54.8893],[-1.4436,54.8891],[-1.4437,54.8897],[-1.4441,54.8897],[-1.4434,54.89],[-1.443,54.8895],[-1.4424,54.8895],[-1.4405,54.8891],[-1.4417,54.8889],[-1.4414,54.8885],[-1.4413,54.8884],[-1.4392,54.8881],[-1.4369,54.8884],[-1.4363,54.8881],[-1.4356,54.8882],[-1.4358,54.8873],[-1.4373,54.8862],[-1.4378,54.8874],[-1.4404,54.8869],[-1.4423,54.886],[-1.4448,54.8854],[-1.4458,54.8855],[-1.4466,54.8851],[-1.4486,54.8871],[-1.4493,54.8877],[-1.4505,54.8882],[-1.4509,54.8885],[-1.4515,54.8885],[-1.4525,54.8897],[-1.452,54.8898],[-1.4525,54.8905],[-1.4522,54.8906],[-1.4517,54.8907],[-1.4506,54.8906]]]}},{"type":"Feature","properties":{"lsoa_code":"E01008734","lsoa_name":"Sunderland 021F"},"geometry":{"type":"Polygon","coordinates":[[[-1.4525,54.8897],[-1.4515,54.8885],[-1.4509,54.8885],[-1.4505,54.8882],[-1.4493,54.8877],[-1.4486,54.8871],[-1.4466,54.8851],[-1.4458,54.8855],[-1.4448,54.8854],[-1.4423,54.886],[-1.4404,54.8869],[-1.4378,54.8874],[-1.4373,54.8862],[-1.4377,54.8856],[-1.4377,54.8855],[-1.4391,54.8846],[-1.4427,54.8825],[-1.4438,54.8827],[-1.4442,54.8829],[-1.4461,54.8824],[-1.4476,54.8838],[-1.4516,54.8829],[-1.4526,54.883],[-1.4533,54.8835],[-1.455,54.8828],[-1.4562,54.8845],[-1.4573,54.886],[-1.4583,54.8893],[-1.4573,54.8895],[-1.4571,54.89],[-1.4542,54.8904],[-1.4529,54.891],[-1.4521,54.891],[-1.4522,54.8906],[-1.4525,54.8905],[-1.452,54.8898],[-1.4525,54.8897]]]}},{"type":"Feature","properties":{"lsoa_code":"E01008735","lsoa_name":"Sunderland 016B"},"geometry":{"type":"Polygon","coordinates":[[[-1.376,54.9008],[-1.3757,54.9005],[-1.3748,54.9006],[-1.3738,54.8998],[-1.373,54.8999],[-1.3728,54.9003],[-1.3717,54.8992],[-1.3716,54.8991],[-1.3708,54.8987],[-1.3704,54.8982],[-1.3726,54.8972],[-1.3714,54.8968],[-1.3719,54.8962],[-1.372,54.8968],[-1.3727,54.8968],[-1.3736,54.8976],[-1.3733,54.8977],[-1.3744,54.898],[-1.3749,54.8979],[-1.3748,54.8976],[-1.3743,54.8977],[-1.3738,54.8964],[-1.3745,54.896],[-1.3751,54.8958],[-1.3755,54.8956],[-1.376,54.895],[-1.3771,54.8954],[-1.3784,54.8949],[-1.3802,54.894],[-1.3811,54.895],[-1.3817,54.8953],[-1.3832,54.8951],[-1.3839,54.8953],[-1.3839,54.8948],[-1.385,54.8946],[-1.3853,54.8932],[-1.3867,54.8928],[-1.3862,54.8921],[-1.3867,54.8927],[-1.3884,54.8921],[-1.3903,54.8924],[-1.3893,54.8945],[-1.389,54.8963],[-1.3856,54.8967],[-1.3842,54.897],[-1.3837,54.8971],[-1.3825,54.8975],[-1.381,54.8978],[-1.3788,54.8983],[-1.3769,54.8987],[-1.3772,54.8992],[-1.3779,54.9005],[-1.376,54.9008]]]}},{"type":"Feature","properties":{"lsoa_code":"E01008736","lsoa_name":"Sunderland 016C"},"geometry":{"type":"Polygon","coordinates":[[[-1.3551,54.9053],[-1.3539,54.9043],[-1.352,54.9052],[-1.3517,54.9052],[-1.3572,54.9026],[-1.3581,54.9015],[-1.3595,54.9011],[-1.3608,54.9],[-1.3608,54.8985],[-1.3616,54.8983],[-1.3606,54.8951],[-1.3634,54.895],[-1.3644,54.8943],[-1.366,54.8944],[-1.366,54.8964],[-1.3664,54.897],[-1.3671,54.8971],[-1.3666,54.8974],[-1.3667,54.898],[-1.3684,54.8974],[-1.3686,54.8977],[-1.3691,54.8978],[-1.3712,54.8962],[-1.3717,54.896],[-1.3719,54.8962],[-1.3714,54.8968],[-1.3726,54.8972],[-1.3704,54.8982],[-1.3708,54.8987],[-1.3716,54.8991],[-1.3717,54.8992],[-1.3728,54.9003],[-1.373,54.8999],[-1.3738,54.8998],[-1.3748,54.9006],[-1.3757,54.9005],[-1.376,54.9008],[-1.3756,54.9011],[-1.3738,54.9018],[-1.3708,54.9022],[-1.3708,54.9022],[-1.3682,54.9026],[-1.364,54.9042],[-1.3634,54.9053],[-1.3578,54.9053],[-1.3551,54.9053]]]}},{"type":"Feature","properties":{"lsoa_code":"E01008737","lsoa_name":"Sunderland 016D"},"geometry":{"type":"Polygon","coordinates":[[[-1.3733,54.8977],[-1.3736,54.8976],[-1.3727,54.8968],[-1.372,54.8968],[-1.3719,54.8962],[-1.3717,54.896],[-1.3712,54.8962],[-1.3693,54.8947],[-1.37,54.8944],[-1.3694,54.894],[-1.3701,54.8939],[-1.3698,54.8937],[-1.3705,54.8934],[-1.3712,54.8932],[-1.3723,54.8928],[-1.3724,54.8926],[-1.3731,54.8924],[-1.3743,54.8934],[-1.3748,54.893],[-1.374,54.8921],[-1.3747,54.8918],[-1.3754,54.8926],[-1.3784,54.8949],[-1.3771,54.8954],[-1.376,54.895],[-1.3755,54.8956],[-1.3751,54.8958],[-1.3745,54.896],[-1.3738,54.8964],[-1.3743,54.8977],[-1.3748,54.8976],[-1.3749,54.8979],[-1.3744,54.898],[-1.3733,54.8977]]]}},{"type":"Feature","properties":{"lsoa_code":"E01008738","lsoa_name":"Sunderland 016E"},"geometry":{"type":"Polygon","coordinates":[[[-1.3666,54.8974],[-1.3671,54.8971],[-1.3664,54.897],[-1.366,54.8964],[-1.366,54.8944],[-1.3657,54.8918],[-1.3662,54.8916],[-1.3683,54.8907],[-1.3694,54.8903],[-1.371,54.8916],[-1.3712,54.8915],[-1.3724,54.8926],[-1.3723,54.8928],[-1.3712,54.8932],[-1.3705,54.8934],[-1.3698,54.8937],[-1.3701,54.8939],[-1.3694,54.894],[-1.37,54.8944],[-1.3693,54.8947],[-1.3712,54.8962],[-1.3691,54.8978],[-1.3686,54.8977],[-1.3684,54.8974],[-1.3667,54.898],[-1.3666,54.8974]]]}},{"type":"Feature","properties":{"lsoa_code":"E01008739","lsoa_name":"Sunderland 024A"},"geometry":{"type":"Polygon","coordinates":[[[-1.3657,54.8918],[-1.3655,54.8895],[-1.3643,54.8877],[-1.3661,54.8878],[-1.3665,54.8875],[-1.3669,54.8872],[-1.368,54.8867],[-1.3674,54.8864],[-1.3661,54.887],[-1.3654,54.8867],[-1.3671,54.8859],[-1.3688,54.8869],[-1.3692,54.8868],[-1.368,54.8859],[-1.3706,54.8858],[-1.371,54.8858],[-1.3741,54.8863],[-1.3737,54.8866],[-1.3728,54.8865],[-1.3706,54.8877],[-1.3708,54.8879],[-1.3733,54.8899],[-1.3726,54.8892],[-1.3743,54.8884],[-1.3748,54.8887],[-1.3757,54.8898],[-1.3752,54.8901],[-1.3735,54.8902],[-1.373,54.8904],[-1.3732,54.8906],[-1.3716,54.891],[-1.3709,54.8912],[-1.3712,54.8915],[-1.371,54.8916],[-1.3694,54.8903],[-1.3683,54.8907],[-1.3662,54.8916],[-1.3657,54.8918]]]}},{"type":"Feature","properties":{"lsoa_code":"E01008740","lsoa_name":"Sunderland 022A"},"geometry":{"type":"Polygon","coordinates":[[[-1.3839,54.8953],[-1.3832,54.8951],[-1.3817,54.8953],[-1.3811,54.895],[-1.3802,54.894],[-1.3784,54.8949],[-1.3754,54.8926],[-1.3747,54.8918],[-1.374,54.8921],[-1.3748,54.893],[-1.3743,54.8934],[-1.3731,54.8924],[-1.3724,54.8926],[-1.3712,54.8915],[-1.3709,54.8912],[-1.3716,54.891],[-1.3732,54.8906],[-1.373,54.8904],[-1.3735,54.8902],[-1.3752,54.8901],[-1.3757,54.8898],[-1.3748,54.8887],[-1.3743,54.8884],[-1.3726,54.8892],[-1.3733,54.8899],[-1.3708,54.8879],[-1.3706,54.8877],[-1.3728,54.8865],[-1.3737,54.8866],[-1.3741,54.8863],[-1.3765,54.8871],[-1.3803,54.8882],[-1.3809,54.8884],[-1.3851,54.8899],[-1.3871,54.8913],[-1.3884,54.8921],[-1.3867,54.8927],[-1.3862,54.8921],[-1.3867,54.8928],[-1.3853,54.8932],[-1.385,54.8946],[-1.3839,54.8948],[-1.3839,54.8953]]]}},{"type":"Feature","properties":{"lsoa_code":"E01008741","lsoa_name":"Sunderland 024B"},"geometry":{"type":"Polygon","coordinates":[[[-1.3606,54.8951],[-1.3601,54.8939],[-1.3595,54.8939],[-1.3604,54.8938],[-1.3608,54.8931],[-1.3599,54.8897],[-1.3575,54.8847],[-1.354,54.88],[-1.3553,54.8791],[-1.3556,54.8774],[-1.3614,54.8775],[-1.3631,54.8804],[-1.3643,54.8824],[-1.365,54.8832],[-1.3668,54.8853],[-1.368,54.8859],[-1.3692,54.8868],[-1.3688,54.8869],[-1.3671,54.8859],[-1.3654,54.8867],[-1.3661,54.887],[-1.3674,54.8864],[-1.368,54.8867],[-1.3669,54.8872],[-1.3665,54.8875],[-1.3661,54.8878],[-1.3643,54.8877],[-1.3655,54.8895],[-1.3657,54.8918],[-1.366,54.8944],[-1.3644,54.8943],[-1.3634,54.895],[-1.3606,54.8951]]]}},{"type":"Feature","properties":{"lsoa_code":"E01008742","lsoa_name":"Sunderland 035C"},"geometry":{"type":"Polygon","coordinates":[[[-1.4393,54.8217],[-1.4402,54.8208],[-1.4417,54.8205],[-1.442,54.8193],[-1.4427,54.8186],[-1.4408,54.8186],[-1.4427,54.8174],[-1.44,54.8175],[-1.4393,54.8158],[-1.4446,54.8153],[-1.4444,54.8169],[-1.4461,54.8169],[-1.4461,54.8175],[-1.4474,54.8173],[-1.4473,54.8167],[-1.4497,54.8164],[-1.4493,54.8153],[-1.451,54.8147],[-1.4501,54.8156],[-1.4521,54.8154],[-1.4547,54.8165],[-1.4543,54.817],[-1.4546,54.8172],[-1.4545,54.8186],[-1.4524,54.8198],[-1.453,54.8201],[-1.4543,54.8197],[-1.4551,54.8201],[-1.4545,54.8203],[-1.4552,54.8213],[-1.4546,54.8213],[-1.4544,54.8218],[-1.453,54.822],[-1.4527,54.8221],[-1.4524,54.8217],[-1.4517,54.8221],[-1.448,54.824],[-1.4464,54.8242],[-1.4457,54.8251],[-1.444,54.8256],[-1.4414,54.8258],[-1.4393,54.8217]]]}},{"type":"Feature","properties":{"lsoa_code":"E01008743","lsoa_name":"Sunderland 036A"},"geometry":{"type":"Polygon","coordinates":[[[-1.4679,54.81],[-1.4678,54.81],[-1.4675,54.8108],[-1.4679,54.81],[-1.4683,54.8099],[-1.4687,54.8099],[-1.4687,54.8103],[-1.4678,54.8115],[-1.4662,54.8126],[-1.4625,54.8142],[-1.4604,54.8149],[-1.4582,54.8167],[-1.4546,54.8172],[-1.4543,54.817],[-1.4547,54.8165],[-1.4521,54.8154],[-1.4529,54.8119],[-1.456,54.8091],[-1.4558,54.8065],[-1.461,54.8062],[-1.4617,54.806],[-1.4611,54.8057],[-1.4626,54.8051],[-1.4675,54.8092],[-1.4679,54.8099],[-1.4679,54.81]]]}},{"type":"Feature","properties":{"lsoa_code":"E01008744","lsoa_name":"Sunderland 036B"},"geometry":{"type":"MultiPolygon","coordinates":[[[[-1.4679,54.81],[-1.4675,54.8108],[-1.4678,54.81],[-1.4679,54.81]]],[[[-1.4679,54.81],[-1.4679,54.8099],[-1.4675,54.8092],[-1.4626,54.8051],[-1.4611,54.8057],[-1.4617,54.806],[-1.461,54.8062],[-1.4558,54.8065],[-1.4538,54.8063],[-1.4528,54.8057],[-1.4513,54.806],[-1.4493,54.8061],[-1.4482,54.8058],[-1.4476,54.806],[-1.447,54.8086],[-1.4448,54.8093],[-1.4434,54.8105],[-1.4429,54.8105],[-1.4426,54.811],[-1.4427,54.8111],[-1.4447,54.813],[-1.4459,54.8136],[-1.4463,54.8135],[-1.4454,54.8143],[-1.4443,54.814],[-1.4421,54.8143],[-1.4407,54.8148],[-1.4357,54.8133],[-1.4369,54.8128],[-1.4385,54.8115],[-1.4385,54.811],[-1.4363,54.8098],[-1.4355,54.81],[-1.4341,54.81],[-1.4338,54.8096],[-1.4347,54.8094],[-1.4345,54.8091],[-1.4352,54.809],[-1.434,54.8079],[-1.4344,54.8076],[-1.4354,54.808],[-1.4358,54.8078],[-1.4402,54.8064],[-1.4413,54.8061],[-1.4421,54.8044],[-1.4409,54.8017],[-1.4427,54.8019],[-1.444,54.8025],[-1.4483,54.801],[-1.4546,54.8],[-1.455,54.8005],[-1.4564,54.8005],[-1.456,54.8009],[-1.4588,54.8015],[-1.4602,54.8017],[-1.468,54.8003],[-1.4723,54.7999],[-1.4779,54.8001],[-1.48,54.7998],[-1.4819,54.799],[-1.4851,54.7997],[-1.4907,54.7993],[-1.4935,54.8],[-1.4943,54.8012],[-1.4911,54.8043],[-1.485,54.8085],[-1.4818,54.8096],[-1.4822,54.81],[-1.4843,54.8105],[-1.4853,54.812],[-1.4875,54.8127],[-1.4943,54.816],[-1.4929,54.8173],[-1.492,54.8184],[-1.4924,54.8186],[-1.4904,54.8203],[-1.4901,54.8202],[-1.4883,54.8214],[-1.486,54.8207],[-1.4852,54.8201],[-1.4845,54.8176],[-1.4826,54.8192],[-1.4779,54.8205],[-1.4744,54.8198],[-1.472,54.8202],[-1.4651,54.8198],[-1.4659,54.8179],[-1.4648,54.8158],[-1.4582,54.8167],[-1.4604,54.8149],[-1.4625,54.8142],[-1.4662,54.8126],[-1.4678,54.8115],[-1.4687,54.8103],[-1.4687,54.8099],[-1.4683,54.8099],[-1.4679,54.81]]]]}},{"type":"Feature","properties":{"lsoa_code":"E01008745","lsoa_name":"Sunderland 036C"},"geometry":{"type":"Polygon","coordinates":[[[-1.4461,54.8175],[-1.4461,54.8169],[-1.4444,54.8169],[-1.4446,54.8153],[-1.4393,54.8158],[-1.4379,54.8159],[-1.4347,54.8154],[-1.4351,54.8134],[-1.4357,54.8133],[-1.4407,54.8148],[-1.4421,54.8143],[-1.4443,54.814],[-1.4454,54.8143],[-1.4463,54.8135],[-1.4459,54.8136],[-1.4447,54.813],[-1.4427,54.8111],[-1.4426,54.811],[-1.4429,54.8105],[-1.4434,54.8105],[-1.4448,54.8093],[-1.447,54.8086],[-1.4476,54.806],[-1.4482,54.8058],[-1.4493,54.8061],[-1.4513,54.806],[-1.4528,54.8057],[-1.4538,54.8063],[-1.4558,54.8065],[-1.456,54.8091],[-1.4529,54.8119],[-1.4521,54.8154],[-1.4501,54.8156],[-1.451,54.8147],[-1.4493,54.8153],[-1.4497,54.8164],[-1.4473,54.8167],[-1.4474,54.8173],[-1.4461,54.8175]]]}},{"type":"Feature","properties":{"lsoa_code":"E01008746","lsoa_name":"Sunderland 036D"},"geometry":{"type":"Polygon","coordinates":[[[-1.4242,54.8273],[-1.4183,54.8263],[-1.4181,54.8244],[-1.4158,54.8242],[-1.413,54.8233],[-1.4132,54.8221],[-1.4144,54.8212],[-1.4144,54.8194],[-1.4158,54.8184],[-1.4178,54.8182],[-1.4192,54.8142],[-1.4217,54.8133],[-1.4216,54.8121],[-1.4229,54.8082],[-1.4232,54.8072],[-1.4239,54.8054],[-1.4224,54.8034],[-1.4225,54.8032],[-1.4235,54.8032],[-1.4293,54.801],[-1.4302,54.8015],[-1.4375,54.8005],[-1.4407,54.7997],[-1.4413,54.8005],[-1.4402,54.8015],[-1.4409,54.8017],[-1.4421,54.8044],[-1.4413,54.8061],[-1.4402,54.8064],[-1.4358,54.8078],[-1.4354,54.808],[-1.4344,54.8076],[-1.434,54.8079],[-1.4352,54.809],[-1.4345,54.8091],[-1.4347,54.8094],[-1.4338,54.8096],[-1.4341,54.81],[-1.4355,54.81],[-1.4363,54.8098],[-1.4385,54.811],[-1.4385,54.8115],[-1.4369,54.8128],[-1.4357,54.8133],[-1.4351,54.8134],[-1.4347,54.8154],[-1.4379,54.8159],[-1.4393,54.8158],[-1.44,54.8175],[-1.4427,54.8174],[-1.4408,54.8186],[-1.4427,54.8186],[-1.442,54.8193],[-1.4417,54.8205],[-1.4402,54.8208],[-1.4393,54.8217],[-1.4414,54.8258],[-1.4407,54.826],[-1.4388,54.8265],[-1.4373,54.827],[-1.4333,54.8267],[-1.4299,54.8269],[-1.4258,54.8278],[-1.4245,54.8278],[-1.4242,54.8273]]]}},{"type":"Feature","properties":{"lsoa_code":"E01008747","lsoa_name":"Sunderland 035D"},"geometry":{"type":"Polygon","coordinates":[[[-1.4832,54.8378],[-1.4832,54.8374],[-1.4836,54.8376],[-1.4833,54.8364],[-1.4821,54.8363],[-1.4793,54.835],[-1.4783,54.8336],[-1.4764,54.8333],[-1.4763,54.8333],[-1.4755,54.8328],[-1.4739,54.8326],[-1.4725,54.8318],[-1.4712,54.8318],[-1.4696,54.8304],[-1.4701,54.8298],[-1.47,54.8263],[-1.4697,54.8257],[-1.4679,54.8247],[-1.4671,54.8234],[-1.4673,54.8228],[-1.4661,54.8218],[-1.4669,54.8209],[-1.4651,54.8198],[-1.472,54.8202],[-1.4744,54.8198],[-1.4779,54.8205],[-1.4826,54.8192],[-1.4845,54.8176],[-1.4852,54.8201],[-1.486,54.8207],[-1.4883,54.8214],[-1.4901,54.8202],[-1.4904,54.8203],[-1.4937,54.8235],[-1.4969,54.8226],[-1.4975,54.8226],[-1.4978,54.8234],[-1.5043,54.8312],[-1.5033,54.8333],[-1.5029,54.8351],[-1.5033,54.8366],[-1.5019,54.8367],[-1.4993,54.8358],[-1.4951,54.8352],[-1.4924,54.8354],[-1.4905,54.8358],[-1.4899,54.836],[-1.4903,54.8366],[-1.4837,54.8383],[-1.4832,54.8378]]]}},{"type":"Feature","properties":{"lsoa_code":"E01008748","lsoa_name":"Sunderland 035E"},"geometry":{"type":"Polygon","coordinates":[[[-1.4551,54.8201],[-1.4543,54.8197],[-1.453,54.8201],[-1.4524,54.8198],[-1.4545,54.8186],[-1.4546,54.8172],[-1.4582,54.8167],[-1.4648,54.8158],[-1.4659,54.8179],[-1.4651,54.8198],[-1.4669,54.8209],[-1.4661,54.8218],[-1.4673,54.8228],[-1.4671,54.8234],[-1.4679,54.8247],[-1.4697,54.8257],[-1.47,54.8263],[-1.4701,54.8298],[-1.4696,54.8304],[-1.4676,54.8305],[-1.4673,54.831],[-1.4655,54.8313],[-1.464,54.8313],[-1.4599,54.8327],[-1.4587,54.8317],[-1.4571,54.83],[-1.4548,54.8274],[-1.4542,54.8258],[-1.454,54.8241],[-1.4527,54.8221],[-1.453,54.822],[-1.4544,54.8218],[-1.4546,54.8213],[-1.4552,54.8213],[-1.4545,54.8203],[-1.4551,54.8201]]]}},{"type":"Feature","properties":{"lsoa_code":"E01008749","lsoa_name":"Sunderland 034E"},"geometry":{"type":"Polygon","coordinates":[[[-1.4834,54.8455],[-1.4833,54.8447],[-1.484,54.8444],[-1.4818,54.8436],[-1.4815,54.8429],[-1.4809,54.8429],[-1.4809,54.8426],[-1.479,54.8428],[-1.4789,54.8426],[-1.4788,54.8423],[-1.4784,54.842],[-1.4791,54.8416],[-1.4785,54.8415],[-1.4786,54.8412],[-1.4785,54.8406],[-1.4781,54.8408],[-1.4777,54.8404],[-1.4787,54.8397],[-1.4781,54.8396],[-1.4754,54.8403],[-1.4749,54.8399],[-1.4725,54.8388],[-1.4743,54.8376],[-1.4756,54.8352],[-1.4761,54.8337],[-1.4763,54.8333],[-1.4764,54.8333],[-1.4783,54.8336],[-1.4793,54.835],[-1.4821,54.8363],[-1.4833,54.8364],[-1.4836,54.8376],[-1.4832,54.8374],[-1.4832,54.8378],[-1.4837,54.8383],[-1.4843,54.8396],[-1.4856,54.8404],[-1.4871,54.8424],[-1.4855,54.8423],[-1.4869,54.8442],[-1.4868,54.8449],[-1.4853,54.8448],[-1.4834,54.8455]]]}},{"type":"Feature","properties":{"lsoa_code":"E01008750","lsoa_name":"Sunderland 033A"},"geometry":{"type":"Polygon","coordinates":[[[-1.4869,54.8442],[-1.4855,54.8423],[-1.4871,54.8424],[-1.4856,54.8404],[-1.4843,54.8396],[-1.4837,54.8383],[-1.4903,54.8366],[-1.4899,54.836],[-1.4905,54.8358],[-1.4924,54.8354],[-1.4951,54.8352],[-1.4993,54.8358],[-1.5019,54.8367],[-1.5033,54.8366],[-1.5036,54.8375],[-1.5037,54.838],[-1.5011,54.8391],[-1.4995,54.838],[-1.4957,54.8389],[-1.4948,54.8402],[-1.4953,54.8411],[-1.496,54.8409],[-1.4956,54.8417],[-1.493,54.8425],[-1.4929,54.8426],[-1.4943,54.8434],[-1.4944,54.8435],[-1.4948,54.8441],[-1.494,54.8456],[-1.4912,54.8468],[-1.4904,54.8471],[-1.4887,54.8463],[-1.4871,54.845],[-1.4868,54.8449],[-1.4869,54.8442]]]}},{"type":"Feature","properties":{"lsoa_code":"E01008751","lsoa_name":"Sunderland 033B"},"geometry":{"type":"Polygon","coordinates":[[[-1.4812,54.8503],[-1.4813,54.8497],[-1.4817,54.8497],[-1.4825,54.8489],[-1.4849,54.848],[-1.4855,54.8487],[-1.4904,54.8471],[-1.4924,54.8481],[-1.4946,54.8504],[-1.4953,54.8506],[-1.4946,54.851],[-1.4916,54.8514],[-1.4885,54.8524],[-1.4815,54.8551],[-1.4801,54.8533],[-1.4804,54.8533],[-1.4789,54.851],[-1.4812,54.8503]]]}},{"type":"Feature","properties":{"lsoa_code":"E01008752","lsoa_name":"Sunderland 033C"},"geometry":{"type":"Polygon","coordinates":[[[-1.5036,54.8512],[-1.5024,54.8503],[-1.5008,54.8504],[-1.5004,54.8505],[-1.4964,54.8511],[-1.4953,54.8506],[-1.4946,54.8504],[-1.4924,54.8481],[-1.4904,54.8471],[-1.4912,54.8468],[-1.494,54.8456],[-1.4948,54.8441],[-1.4944,54.8435],[-1.4947,54.8436],[-1.4959,54.843],[-1.4956,54.8426],[-1.4966,54.8426],[-1.4977,54.8435],[-1.4975,54.8441],[-1.4979,54.8433],[-1.4983,54.8434],[-1.4986,54.8432],[-1.4991,54.8433],[-1.4995,54.8438],[-1.5028,54.8452],[-1.5044,54.8459],[-1.5043,54.8465],[-1.5049,54.8469],[-1.5058,54.8464],[-1.5063,54.8478],[-1.5071,54.8477],[-1.5071,54.8471],[-1.5076,54.8504],[-1.5062,54.8504],[-1.5057,54.8509],[-1.5036,54.8512]]]}},{"type":"Feature","properties":{"lsoa_code":"E01008753","lsoa_name":"Sunderland 033D"},"geometry":{"type":"Polygon","coordinates":[[[-1.4764,54.8543],[-1.4767,54.8511],[-1.4763,54.8496],[-1.4759,54.8488],[-1.4743,54.8478],[-1.4747,54.8471],[-1.4746,54.8456],[-1.4774,54.8446],[-1.4792,54.8449],[-1.4805,54.8446],[-1.4807,54.8456],[-1.4805,54.8456],[-1.4815,54.8472],[-1.481,54.8476],[-1.4818,54.8479],[-1.4824,54.8479],[-1.4822,54.8475],[-1.4829,54.8475],[-1.4837,54.8467],[-1.4848,54.8467],[-1.4848,54.8462],[-1.4871,54.845],[-1.4887,54.8463],[-1.4904,54.8471],[-1.4855,54.8487],[-1.4849,54.848],[-1.4825,54.8489],[-1.4817,54.8497],[-1.4813,54.8497],[-1.4812,54.8503],[-1.4789,54.851],[-1.4804,54.8533],[-1.4801,54.8533],[-1.4799,54.853],[-1.4764,54.8543]]]}},{"type":"Feature","properties":{"lsoa_code":"E01008754","lsoa_name":"Sunderland 034F"},"geometry":{"type":"Polygon","coordinates":[[[-1.4807,54.8456],[-1.4805,54.8446],[-1.4792,54.8449],[-1.4774,54.8446],[-1.4746,54.8456],[-1.4747,54.8471],[-1.4743,54.8478],[-1.4728,54.8473],[-1.4713,54.8459],[-1.4695,54.844],[-1.4674,54.8432],[-1.4673,54.8419],[-1.468,54.8409],[-1.4719,54.8391],[-1.4725,54.8388],[-1.4749,54.8399],[-1.4754,54.8403],[-1.4781,54.8396],[-1.4787,54.8397],[-1.4777,54.8404],[-1.4781,54.8408],[-1.4785,54.8406],[-1.4786,54.8412],[-1.4785,54.8415],[-1.4791,54.8416],[-1.4784,54.842],[-1.4788,54.8423],[-1.4789,54.8426],[-1.479,54.8428],[-1.4809,54.8426],[-1.4809,54.8429],[-1.4815,54.8429],[-1.4818,54.8436],[-1.484,54.8444],[-1.4833,54.8447],[-1.4834,54.8455],[-1.4853,54.8448],[-1.4868,54.8449],[-1.4871,54.845],[-1.4848,54.8462],[-1.4848,54.8467],[-1.4837,54.8467],[-1.4829,54.8475],[-1.4822,54.8475],[-1.4824,54.8479],[-1.4818,54.8479],[-1.481,54.8476],[-1.4815,54.8472],[-1.4805,54.8456],[-1.4807,54.8456]]]}},{"type":"Feature","properties":{"lsoa_code":"E01008755","lsoa_name":"Sunderland 033E"},"geometry":{"type":"Polygon","coordinates":[[[-1.5063,54.8478],[-1.5058,54.8464],[-1.5049,54.8469],[-1.5043,54.8465],[-1.5044,54.8459],[-1.5028,54.8452],[-1.4995,54.8438],[-1.4991,54.8433],[-1.4986,54.8432],[-1.4983,54.8434],[-1.4979,54.8433],[-1.4975,54.8441],[-1.4977,54.8435],[-1.4966,54.8426],[-1.4956,54.8426],[-1.4959,54.843],[-1.4947,54.8436],[-1.4944,54.8435],[-1.4943,54.8434],[-1.4929,54.8426],[-1.493,54.8425],[-1.4956,54.8417],[-1.496,54.8409],[-1.4953,54.8411],[-1.4948,54.8402],[-1.4957,54.8389],[-1.4995,54.838],[-1.5011,54.8391],[-1.5037,54.838],[-1.5057,54.8445],[-1.506,54.8456],[-1.5071,54.8471],[-1.5071,54.8477],[-1.5063,54.8478]]]}},{"type":"Feature","properties":{"lsoa_code":"E01008756","lsoa_name":"Sunderland 012A"},"geometry":{"type":"Polygon","coordinates":[[[-1.4204,54.909],[-1.4202,54.9078],[-1.4196,54.9079],[-1.4195,54.9074],[-1.4187,54.9074],[-1.4179,54.9074],[-1.4181,54.9083],[-1.4177,54.9083],[-1.4173,54.9083],[-1.417,54.9075],[-1.4174,54.9074],[-1.4173,54.9071],[-1.4191,54.9067],[-1.4191,54.9062],[-1.4203,54.9056],[-1.4208,54.9051],[-1.4183,54.9055],[-1.4186,54.9042],[-1.4166,54.9036],[-1.4201,54.903],[-1.42,54.9027],[-1.4211,54.9026],[-1.4248,54.9022],[-1.4255,54.902],[-1.4261,54.903],[-1.4271,54.9035],[-1.4271,54.9047],[-1.4247,54.9051],[-1.4235,54.9054],[-1.4236,54.9057],[-1.424,54.9071],[-1.4229,54.907],[-1.4229,54.9064],[-1.4221,54.9063],[-1.4218,54.9067],[-1.4223,54.9075],[-1.4244,54.908],[-1.4243,54.9084],[-1.4214,54.9086],[-1.4204,54.909]]]}},{"type":"Feature","properties":{"lsoa_code":"E01008757","lsoa_name":"Sunderland 015A"},"geometry":{"type":"Polygon","coordinates":[[[-1.4147,54.9095],[-1.4141,54.9074],[-1.4141,54.9073],[-1.4133,54.9047],[-1.4133,54.9046],[-1.4146,54.9044],[-1.4141,54.9036],[-1.4157,54.9034],[-1.4161,54.9036],[-1.4166,54.9036],[-1.4186,54.9042],[-1.4183,54.9055],[-1.4208,54.9051],[-1.4203,54.9056],[-1.4191,54.9062],[-1.4191,54.9067],[-1.4173,54.9071],[-1.4174,54.9074],[-1.417,54.9075],[-1.4173,54.9083],[-1.4177,54.9083],[-1.4181,54.9083],[-1.4179,54.9074],[-1.4187,54.9074],[-1.4191,54.9084],[-1.418,54.9086],[-1.4182,54.9092],[-1.4173,54.9092],[-1.4165,54.9092],[-1.4158,54.9091],[-1.4161,54.9095],[-1.4148,54.9097],[-1.4148,54.9096],[-1.4147,54.9095]]]}},{"type":"Feature","properties":{"lsoa_code":"E01008758","lsoa_name":"Sunderland 015B"},"geometry":{"type":"Polygon","coordinates":[[[-1.4229,54.8988],[-1.4221,54.8976],[-1.4217,54.8981],[-1.4201,54.8974],[-1.4217,54.8969],[-1.4222,54.8959],[-1.4217,54.8957],[-1.422,54.8954],[-1.4228,54.8953],[-1.4228,54.895],[-1.4234,54.8952],[-1.4233,54.895],[-1.4238,54.8949],[-1.4231,54.8946],[-1.4222,54.8937],[-1.4245,54.8933],[-1.424,54.8922],[-1.4265,54.8928],[-1.4274,54.8924],[-1.4286,54.8935],[-1.4292,54.8941],[-1.4296,54.8949],[-1.4296,54.8958],[-1.4292,54.8974],[-1.4291,54.898],[-1.4291,54.8981],[-1.429,54.8981],[-1.4285,54.8982],[-1.4245,54.8988],[-1.424,54.8989],[-1.4253,54.9017],[-1.4255,54.902],[-1.4248,54.9022],[-1.4211,54.9026],[-1.42,54.9027],[-1.4188,54.9029],[-1.4174,54.9009],[-1.4196,54.9005],[-1.4193,54.8999],[-1.422,54.8993],[-1.4229,54.8988]]]}},{"type":"Feature","properties":{"lsoa_code":"E01008759","lsoa_name":"Sunderland 015C"},"geometry":{"type":"Polygon","coordinates":[[[-1.4126,54.9039],[-1.4096,54.9005],[-1.4106,54.9003],[-1.4118,54.8999],[-1.4134,54.8995],[-1.4131,54.8992],[-1.4136,54.899],[-1.4126,54.8976],[-1.4108,54.898],[-1.4098,54.8979],[-1.4091,54.8973],[-1.4114,54.8968],[-1.412,54.8971],[-1.4133,54.8969],[-1.4137,54.8973],[-1.414,54.8973],[-1.4149,54.8986],[-1.4159,54.8986],[-1.4169,54.9001],[-1.4174,54.9009],[-1.4188,54.9029],[-1.42,54.9027],[-1.4201,54.903],[-1.4166,54.9036],[-1.4161,54.9036],[-1.4157,54.9034],[-1.4141,54.9036],[-1.4146,54.9044],[-1.4133,54.9046],[-1.4131,54.9044],[-1.4126,54.9039]]]}},{"type":"Feature","properties":{"lsoa_code":"E01008760","lsoa_name":"Sunderland 018A"},"geometry":{"type":"Polygon","coordinates":[[[-1.4081,54.8982],[-1.4077,54.8976],[-1.407,54.897],[-1.4049,54.895],[-1.4046,54.8947],[-1.4027,54.8933],[-1.4064,54.8919],[-1.4103,54.8913],[-1.4104,54.8913],[-1.411,54.8918],[-1.4125,54.8911],[-1.4139,54.8925],[-1.4148,54.8922],[-1.4152,54.8931],[-1.4159,54.8952],[-1.4155,54.8955],[-1.4159,54.8963],[-1.4142,54.8967],[-1.4139,54.8963],[-1.4118,54.8968],[-1.4116,54.8966],[-1.4113,54.8967],[-1.4114,54.8968],[-1.4091,54.8973],[-1.4098,54.8979],[-1.4108,54.898],[-1.4126,54.8976],[-1.4136,54.899],[-1.4131,54.8992],[-1.4134,54.8995],[-1.4118,54.8999],[-1.4106,54.9003],[-1.4096,54.9005],[-1.4094,54.9002],[-1.4081,54.8982]]]}},{"type":"Feature","properties":{"lsoa_code":"E01008761","lsoa_name":"Sunderland 015D"},"geometry":{"type":"Polygon","coordinates":[[[-1.4149,54.8986],[-1.414,54.8973],[-1.4137,54.8973],[-1.4133,54.8969],[-1.412,54.8971],[-1.4114,54.8968],[-1.4113,54.8967],[-1.4116,54.8966],[-1.4118,54.8968],[-1.4139,54.8963],[-1.4142,54.8967],[-1.4159,54.8963],[-1.4155,54.8955],[-1.4159,54.8952],[-1.4152,54.8931],[-1.4193,54.8926],[-1.4222,54.8922],[-1.4232,54.8923],[-1.424,54.8922],[-1.4245,54.8933],[-1.4222,54.8937],[-1.4231,54.8946],[-1.4238,54.8949],[-1.4233,54.895],[-1.4234,54.8952],[-1.4228,54.895],[-1.4228,54.8953],[-1.422,54.8954],[-1.4217,54.8957],[-1.4222,54.8959],[-1.4217,54.8969],[-1.4201,54.8974],[-1.4217,54.8981],[-1.4221,54.8976],[-1.4229,54.8988],[-1.422,54.8993],[-1.4193,54.8999],[-1.4196,54.9005],[-1.4174,54.9009],[-1.4169,54.9001],[-1.4159,54.8986],[-1.4149,54.8986]]]}},{"type":"Feature","properties":{"lsoa_code":"E01008762","lsoa_name":"Sunderland 012B"},"geometry":{"type":"Polygon","coordinates":[[[-1.4161,54.9095],[-1.4158,54.9091],[-1.4165,54.9092],[-1.4173,54.9092],[-1.4182,54.9092],[-1.418,54.9086],[-1.4191,54.9084],[-1.4187,54.9074],[-1.4195,54.9074],[-1.4196,54.9079],[-1.4202,54.9078],[-1.4204,54.909],[-1.4214,54.9086],[-1.4243,54.9084],[-1.4244,54.908],[-1.4223,54.9075],[-1.4218,54.9067],[-1.4221,54.9063],[-1.4229,54.9064],[-1.4229,54.907],[-1.424,54.9071],[-1.4236,54.9057],[-1.4235,54.9054],[-1.4247,54.9051],[-1.4271,54.9047],[-1.4276,54.9046],[-1.4282,54.9061],[-1.4285,54.9083],[-1.4285,54.9097],[-1.428,54.9122],[-1.4287,54.9131],[-1.4286,54.9149],[-1.4249,54.9154],[-1.4236,54.9162],[-1.4215,54.9165],[-1.4193,54.9165],[-1.4159,54.9161],[-1.4166,54.9127],[-1.4164,54.9118],[-1.4148,54.9097],[-1.4161,54.9095]]]}},{"type":"Feature","properties":{"lsoa_code":"E01008763","lsoa_name":"Sunderland 028A"},"geometry":{"type":"Polygon","coordinates":[[[-1.3702,54.8767],[-1.3699,54.8754],[-1.3705,54.8755],[-1.3708,54.8751],[-1.3702,54.8749],[-1.3701,54.8742],[-1.3708,54.8735],[-1.3715,54.873],[-1.373,54.8734],[-1.3738,54.8722],[-1.3771,54.8726],[-1.3774,54.8729],[-1.3773,54.8734],[-1.3766,54.8735],[-1.3758,54.8746],[-1.3752,54.8748],[-1.3779,54.8759],[-1.3786,54.8757],[-1.3782,54.8752],[-1.3799,54.8748],[-1.3856,54.8765],[-1.3867,54.8774],[-1.3809,54.8807],[-1.3803,54.8803],[-1.3784,54.8793],[-1.3768,54.8788],[-1.3743,54.8784],[-1.3723,54.8783],[-1.3713,54.8783],[-1.372,54.8776],[-1.3711,54.8768],[-1.3702,54.8767]]]}},{"type":"Feature","properties":{"lsoa_code":"E01008764","lsoa_name":"Sunderland 028B"},"geometry":{"type":"Polygon","coordinates":[[[-1.3556,54.8756],[-1.3541,54.8731],[-1.3597,54.8728],[-1.3596,54.8715],[-1.3589,54.8705],[-1.3592,54.8708],[-1.3608,54.8707],[-1.3644,54.8716],[-1.368,54.8727],[-1.3677,54.8728],[-1.3691,54.8735],[-1.3689,54.873],[-1.3708,54.8735],[-1.3701,54.8742],[-1.3702,54.8749],[-1.3708,54.8751],[-1.3705,54.8755],[-1.3699,54.8754],[-1.3702,54.8767],[-1.3711,54.8768],[-1.372,54.8776],[-1.3713,54.8783],[-1.3665,54.8779],[-1.3614,54.8775],[-1.3556,54.8774],[-1.3556,54.8756]]]}},{"type":"Feature","properties":{"lsoa_code":"E01008765","lsoa_name":"Sunderland 031A"},"geometry":{"type":"Polygon","coordinates":[[[-1.3912,54.8725],[-1.391,54.8722],[-1.39,54.8726],[-1.3885,54.8721],[-1.3893,54.8712],[-1.3883,54.8709],[-1.3876,54.8712],[-1.3867,54.87],[-1.3872,54.8699],[-1.3872,54.8696],[-1.3877,54.8698],[-1.3885,54.8694],[-1.3883,54.869],[-1.3877,54.869],[-1.3882,54.8689],[-1.388,54.8684],[-1.3892,54.8675],[-1.3895,54.8668],[-1.3891,54.8663],[-1.3883,54.8664],[-1.3853,54.8665],[-1.3848,54.8654],[-1.3832,54.8655],[-1.3826,54.8643],[-1.3832,54.8639],[-1.3817,54.8623],[-1.3827,54.8613],[-1.3805,54.8608],[-1.3794,54.8611],[-1.3782,54.8605],[-1.378,54.8601],[-1.377,54.8597],[-1.3767,54.8599],[-1.3736,54.8585],[-1.3712,54.8584],[-1.3689,54.8576],[-1.3759,54.8522],[-1.3761,54.8519],[-1.3767,54.8511],[-1.3786,54.8499],[-1.3816,54.8472],[-1.3839,54.8481],[-1.3855,54.8475],[-1.3871,54.8465],[-1.3925,54.8457],[-1.3934,54.8462],[-1.3965,54.8459],[-1.3973,54.8464],[-1.3995,54.8464],[-1.4,54.8466],[-1.4047,54.8455],[-1.4075,54.8457],[-1.4092,54.8452],[-1.4136,54.8449],[-1.4159,54.8472],[-1.4183,54.849],[-1.4209,54.849],[-1.4208,54.8503],[-1.4279,54.8526],[-1.4323,54.8537],[-1.4328,54.8534],[-1.4333,54.854],[-1.4344,54.8541],[-1.4349,54.8545],[-1.424,54.8556],[-1.4196,54.8557],[-1.4133,54.8557],[-1.4104,54.8567],[-1.4108,54.858],[-1.4086,54.8587],[-1.4067,54.8588],[-1.4044,54.8594],[-1.4035,54.8603],[-1.4044,54.8605],[-1.4054,54.8613],[-1.4048,54.8623],[-1.4047,54.8624],[-1.406,54.862],[-1.408,54.8625],[-1.4069,54.8629],[-1.4059,54.8627],[-1.4051,54.8638],[-1.4054,54.8644],[-1.4058,54.8644],[-1.4053,54.8644],[-1.4019,54.8648],[-1.4002,54.8653],[-1.3994,54.866],[-1.3986,54.8668],[-1.3973,54.8683],[-1.3952,54.8711],[-1.395,54.8716],[-1.3946,54.8724],[-1.3945,54.8727],[-1.3931,54.8728],[-1.393,54.8726],[-1.3912,54.8725]]]}},{"type":"Feature","properties":{"lsoa_code":"E01008766","lsoa_name":"Sunderland 028C"},"geometry":{"type":"Polygon","coordinates":[[[-1.3691,54.8735],[-1.3677,54.8728],[-1.368,54.8727],[-1.3644,54.8716],[-1.3647,54.8707],[-1.3641,54.8706],[-1.3644,54.8703],[-1.3674,54.8712],[-1.3694,54.8711],[-1.3728,54.8712],[-1.3736,54.8702],[-1.3741,54.8696],[-1.3724,54.8677],[-1.3728,54.8675],[-1.372,54.8678],[-1.3726,54.8685],[-1.3718,54.8684],[-1.3714,54.8681],[-1.3694,54.8689],[-1.3682,54.8683],[-1.3688,54.8673],[-1.3684,54.8667],[-1.3645,54.867],[-1.3642,54.8667],[-1.3654,54.8661],[-1.3655,54.8661],[-1.3686,54.8656],[-1.372,54.8646],[-1.3724,54.8642],[-1.3709,54.8628],[-1.3733,54.862],[-1.3723,54.8607],[-1.3713,54.8609],[-1.3684,54.8587],[-1.3676,54.8592],[-1.3673,54.8578],[-1.3677,54.8578],[-1.3689,54.8576],[-1.3712,54.8584],[-1.3736,54.8585],[-1.3767,54.8599],[-1.377,54.8597],[-1.378,54.8601],[-1.3782,54.8605],[-1.3794,54.8611],[-1.3805,54.8608],[-1.3827,54.8613],[-1.3817,54.8623],[-1.3832,54.8639],[-1.3826,54.8643],[-1.3832,54.8655],[-1.3848,54.8654],[-1.3853,54.8665],[-1.3883,54.8664],[-1.387,54.8681],[-1.3861,54.8682],[-1.386,54.868],[-1.3835,54.8685],[-1.38,54.87],[-1.3793,54.8697],[-1.3794,54.8698],[-1.3798,54.8703],[-1.3799,54.8704],[-1.3796,54.8711],[-1.3803,54.8719],[-1.3779,54.8717],[-1.3774,54.8729],[-1.3771,54.8726],[-1.3738,54.8722],[-1.373,54.8734],[-1.3715,54.873],[-1.3708,54.8735],[-1.3689,54.873],[-1.3691,54.8735]]]}},{"type":"Feature","properties":{"lsoa_code":"E01008767","lsoa_name":"Sunderland 031B"},"geometry":{"type":"Polygon","coordinates":[[[-1.3913,54.884],[-1.3855,54.8817],[-1.3839,54.8819],[-1.3829,54.881],[-1.3816,54.8813],[-1.3809,54.8807],[-1.3867,54.8774],[-1.3856,54.8765],[-1.3799,54.8748],[-1.3782,54.8752],[-1.3786,54.8757],[-1.3779,54.8759],[-1.3752,54.8748],[-1.3758,54.8746],[-1.3766,54.8735],[-1.3773,54.8734],[-1.3774,54.8729],[-1.3779,54.8717],[-1.3803,54.8719],[-1.3796,54.8711],[-1.3799,54.8704],[-1.3798,54.8703],[-1.3794,54.8698],[-1.3793,54.8697],[-1.38,54.87],[-1.3835,54.8685],[-1.386,54.868],[-1.3861,54.8682],[-1.387,54.8681],[-1.3883,54.8664],[-1.3891,54.8663],[-1.3895,54.8668],[-1.3892,54.8675],[-1.388,54.8684],[-1.3882,54.8689],[-1.3877,54.869],[-1.3883,54.869],[-1.3885,54.8694],[-1.3877,54.8698],[-1.3872,54.8696],[-1.3872,54.8699],[-1.3867,54.87],[-1.3876,54.8712],[-1.3883,54.8709],[-1.3893,54.8712],[-1.3885,54.8721],[-1.39,54.8726],[-1.391,54.8722],[-1.3912,54.8725],[-1.393,54.8726],[-1.3931,54.8728],[-1.3932,54.8731],[-1.3897,54.8737],[-1.3903,54.8747],[-1.3913,54.8748],[-1.3921,54.8769],[-1.3925,54.8779],[-1.3919,54.8785],[-1.3914,54.8791],[-1.3919,54.8802],[-1.3949,54.8816],[-1.3955,54.8828],[-1.3955,54.8844],[-1.3945,54.8849],[-1.3913,54.8844],[-1.3913,54.884]]]}},{"type":"Feature","properties":{"lsoa_code":"E01008768","lsoa_name":"Sunderland 028D"},"geometry":{"type":"Polygon","coordinates":[[[-1.3529,54.8711],[-1.3503,54.8676],[-1.3475,54.8648],[-1.3473,54.864],[-1.3483,54.8623],[-1.3474,54.8606],[-1.3491,54.8604],[-1.3494,54.8601],[-1.3521,54.8606],[-1.3531,54.8605],[-1.3541,54.8602],[-1.3558,54.859],[-1.3566,54.8589],[-1.3569,54.8586],[-1.3595,54.8582],[-1.3602,54.8578],[-1.3604,54.8581],[-1.3609,54.8579],[-1.3639,54.8582],[-1.3653,54.8577],[-1.3673,54.8578],[-1.3676,54.8592],[-1.3684,54.8587],[-1.3713,54.8609],[-1.3723,54.8607],[-1.3733,54.862],[-1.3709,54.8628],[-1.3724,54.8642],[-1.372,54.8646],[-1.3686,54.8656],[-1.3655,54.8661],[-1.3654,54.8661],[-1.3642,54.8667],[-1.3628,54.8674],[-1.3631,54.8668],[-1.3624,54.8665],[-1.3621,54.8672],[-1.3617,54.8682],[-1.3628,54.8684],[-1.363,54.8692],[-1.3625,54.8694],[-1.3619,54.8691],[-1.3613,54.8695],[-1.3599,54.8696],[-1.3593,54.8702],[-1.3584,54.87],[-1.3589,54.8705],[-1.3596,54.8715],[-1.3597,54.8728],[-1.3541,54.8731],[-1.3529,54.8711]]]}},{"type":"Feature","properties":{"lsoa_code":"E01008769","lsoa_name":"Sunderland 028E"},"geometry":{"type":"Polygon","coordinates":[[[-1.3644,54.8716],[-1.3608,54.8707],[-1.3592,54.8708],[-1.3589,54.8705],[-1.3584,54.87],[-1.3593,54.8702],[-1.3599,54.8696],[-1.3613,54.8695],[-1.3619,54.8691],[-1.3625,54.8694],[-1.363,54.8692],[-1.3628,54.8684],[-1.3617,54.8682],[-1.3621,54.8672],[-1.3624,54.8665],[-1.3631,54.8668],[-1.3628,54.8674],[-1.3642,54.8667],[-1.3645,54.867],[-1.3684,54.8667],[-1.3688,54.8673],[-1.3682,54.8683],[-1.3694,54.8689],[-1.3714,54.8681],[-1.3718,54.8684],[-1.3726,54.8685],[-1.372,54.8678],[-1.3728,54.8675],[-1.3724,54.8677],[-1.3741,54.8696],[-1.3736,54.8702],[-1.3728,54.8712],[-1.3694,54.8711],[-1.3674,54.8712],[-1.3644,54.8703],[-1.3641,54.8706],[-1.3647,54.8707],[-1.3644,54.8716]]]}},{"type":"Feature","properties":{"lsoa_code":"E01008770","lsoa_name":"Sunderland 031C"},"geometry":{"type":"Polygon","coordinates":[[[-1.4168,54.8656],[-1.4151,54.8655],[-1.4142,54.8655],[-1.412,54.8654],[-1.4127,54.864],[-1.4123,54.8637],[-1.4131,54.8623],[-1.4116,54.8616],[-1.4125,54.861],[-1.4108,54.858],[-1.4104,54.8567],[-1.4133,54.8557],[-1.4196,54.8557],[-1.4236,54.8568],[-1.4234,54.8614],[-1.4233,54.8623],[-1.4224,54.8627],[-1.4215,54.8638],[-1.4211,54.8646],[-1.4215,54.8651],[-1.4218,54.8657],[-1.421,54.8661],[-1.4209,54.8666],[-1.4192,54.8663],[-1.4191,54.8663],[-1.4168,54.8656]]]}},{"type":"Feature","properties":{"lsoa_code":"E01008771","lsoa_name":"Sunderland 031D"},"geometry":{"type":"Polygon","coordinates":[[[-1.4051,54.8638],[-1.4059,54.8627],[-1.4069,54.8629],[-1.408,54.8625],[-1.406,54.862],[-1.4047,54.8624],[-1.4048,54.8623],[-1.4054,54.8613],[-1.4044,54.8605],[-1.4035,54.8603],[-1.4044,54.8594],[-1.4067,54.8588],[-1.4086,54.8587],[-1.4108,54.858],[-1.4125,54.861],[-1.4116,54.8616],[-1.4131,54.8623],[-1.4123,54.8637],[-1.4127,54.864],[-1.412,54.8654],[-1.4084,54.8645],[-1.4058,54.8644],[-1.4054,54.8644],[-1.4051,54.8638]]]}},{"type":"Feature","properties":{"lsoa_code":"E01008772","lsoa_name":"Sunderland 029A"},"geometry":{"type":"Polygon","coordinates":[[[-1.4476,54.8838],[-1.4461,54.8824],[-1.4442,54.8829],[-1.4438,54.8827],[-1.4425,54.881],[-1.4407,54.8783],[-1.4385,54.8765],[-1.4391,54.8761],[-1.4383,54.8754],[-1.4377,54.8757],[-1.4369,54.8749],[-1.4358,54.8752],[-1.4355,54.875],[-1.4359,54.8747],[-1.4354,54.8745],[-1.437,54.8736],[-1.4379,54.8729],[-1.4374,54.8727],[-1.4382,54.8717],[-1.4389,54.8715],[-1.4392,54.8706],[-1.4386,54.8708],[-1.4369,54.8698],[-1.4364,54.8704],[-1.4358,54.8704],[-1.4347,54.8693],[-1.4356,54.8693],[-1.4358,54.8688],[-1.4363,54.8689],[-1.4365,54.8686],[-1.437,54.869],[-1.4389,54.8693],[-1.4397,54.8695],[-1.4407,54.869],[-1.4419,54.8692],[-1.443,54.8676],[-1.4438,54.8678],[-1.4451,54.8662],[-1.4465,54.8683],[-1.4469,54.8703],[-1.4509,54.8703],[-1.4518,54.8752],[-1.4526,54.8783],[-1.455,54.8828],[-1.4533,54.8835],[-1.4526,54.883],[-1.4516,54.8829],[-1.4476,54.8838]]]}},{"type":"Feature","properties":{"lsoa_code":"E01008773","lsoa_name":"Sunderland 026A"},"geometry":{"type":"Polygon","coordinates":[[[-1.4238,54.8745],[-1.4252,54.8736],[-1.4248,54.8729],[-1.4184,54.871],[-1.4209,54.8703],[-1.4252,54.8704],[-1.4275,54.8704],[-1.4297,54.87],[-1.4301,54.8699],[-1.4303,54.8702],[-1.4323,54.8701],[-1.4324,54.8705],[-1.432,54.8717],[-1.4328,54.8722],[-1.4329,54.8727],[-1.432,54.8729],[-1.4325,54.8735],[-1.4317,54.874],[-1.4319,54.8742],[-1.4315,54.8745],[-1.4299,54.8739],[-1.4295,54.8741],[-1.4299,54.8743],[-1.4291,54.8742],[-1.4286,54.8746],[-1.4276,54.8746],[-1.4272,54.8751],[-1.4259,54.8754],[-1.4261,54.8752],[-1.4246,54.8747],[-1.4238,54.8745]]]}},{"type":"Feature","properties":{"lsoa_code":"E01008774","lsoa_name":"Sunderland 029B"},"geometry":{"type":"Polygon","coordinates":[[[-1.4342,54.8748],[-1.4337,54.8745],[-1.4332,54.8746],[-1.4341,54.8741],[-1.4337,54.8739],[-1.4319,54.8742],[-1.4317,54.874],[-1.4325,54.8735],[-1.432,54.8729],[-1.4329,54.8727],[-1.4328,54.8722],[-1.432,54.8717],[-1.4324,54.8705],[-1.4323,54.8701],[-1.4303,54.8702],[-1.4301,54.8699],[-1.4324,54.8696],[-1.4334,54.8679],[-1.4339,54.8677],[-1.434,54.8671],[-1.4349,54.8672],[-1.4361,54.8681],[-1.4358,54.8688],[-1.4356,54.8693],[-1.4347,54.8693],[-1.4358,54.8704],[-1.4364,54.8704],[-1.4369,54.8698],[-1.4386,54.8708],[-1.4392,54.8706],[-1.4389,54.8715],[-1.4382,54.8717],[-1.4374,54.8727],[-1.4379,54.8729],[-1.437,54.8736],[-1.4354,54.8745],[-1.4359,54.8747],[-1.4355,54.875],[-1.4326,54.8766],[-1.4323,54.8766],[-1.4324,54.8759],[-1.4342,54.8748]]]}},{"type":"Feature","properties":{"lsoa_code":"E01008775","lsoa_name":"Sunderland 029C"},"geometry":{"type":"Polygon","coordinates":[[[-1.4465,54.8683],[-1.4451,54.8662],[-1.4438,54.8678],[-1.443,54.8676],[-1.4419,54.8692],[-1.4407,54.869],[-1.4397,54.8695],[-1.4389,54.8693],[-1.437,54.869],[-1.4365,54.8686],[-1.4363,54.8689],[-1.4358,54.8688],[-1.4361,54.8681],[-1.4349,54.8672],[-1.434,54.8671],[-1.4339,54.8677],[-1.4334,54.8679],[-1.4321,54.8657],[-1.4325,54.8651],[-1.4329,54.8646],[-1.4323,54.8634],[-1.4285,54.8581],[-1.4366,54.8602],[-1.4422,54.8624],[-1.4463,54.8648],[-1.4468,54.8652],[-1.449,54.8672],[-1.4509,54.8703],[-1.4469,54.8703],[-1.4465,54.8683]]]}},{"type":"Feature","properties":{"lsoa_code":"E01008776","lsoa_name":"Sunderland 026B"},"geometry":{"type":"Polygon","coordinates":[[[-1.4215,54.8789],[-1.4216,54.878],[-1.4216,54.8778],[-1.422,54.8767],[-1.4198,54.8764],[-1.4222,54.8762],[-1.4249,54.8764],[-1.4258,54.8765],[-1.4266,54.8762],[-1.4277,54.8768],[-1.4284,54.8771],[-1.4269,54.8778],[-1.4265,54.8783],[-1.4272,54.8785],[-1.4285,54.878],[-1.4297,54.8781],[-1.4297,54.8786],[-1.4307,54.8791],[-1.4279,54.8806],[-1.425,54.8821],[-1.4241,54.8816],[-1.4215,54.8789]]]}},{"type":"Feature","properties":{"lsoa_code":"E01008777","lsoa_name":"Sunderland 026C"},"geometry":{"type":"Polygon","coordinates":[[[-1.4176,54.8769],[-1.4173,54.8759],[-1.4171,54.8756],[-1.4165,54.8738],[-1.4175,54.872],[-1.4184,54.871],[-1.4248,54.8729],[-1.4252,54.8736],[-1.4238,54.8745],[-1.4246,54.8747],[-1.4261,54.8752],[-1.4259,54.8754],[-1.4272,54.8751],[-1.4276,54.8746],[-1.4286,54.8746],[-1.4291,54.8742],[-1.4299,54.8743],[-1.4301,54.8745],[-1.4284,54.8752],[-1.429,54.8754],[-1.4284,54.8758],[-1.4284,54.8764],[-1.4276,54.8764],[-1.4277,54.8768],[-1.4266,54.8762],[-1.4258,54.8765],[-1.4249,54.8764],[-1.4222,54.8762],[-1.4198,54.8764],[-1.422,54.8767],[-1.4216,54.8778],[-1.4216,54.878],[-1.4215,54.8789],[-1.4213,54.8788],[-1.4184,54.8777],[-1.4176,54.877],[-1.4176,54.8769]]]}},{"type":"Feature","properties":{"lsoa_code":"E01008778","lsoa_name":"Sunderland 026D"},"geometry":{"type":"Polygon","coordinates":[[[-1.4297,54.8781],[-1.4285,54.878],[-1.4272,54.8785],[-1.4265,54.8783],[-1.4269,54.8778],[-1.4284,54.8771],[-1.4277,54.8768],[-1.4276,54.8764],[-1.4284,54.8764],[-1.4284,54.8758],[-1.429,54.8754],[-1.4284,54.8752],[-1.4301,54.8745],[-1.4299,54.8743],[-1.4295,54.8741],[-1.4299,54.8739],[-1.4315,54.8745],[-1.4319,54.8742],[-1.4337,54.8739],[-1.4341,54.8741],[-1.4332,54.8746],[-1.4337,54.8745],[-1.4342,54.8748],[-1.4324,54.8759],[-1.4323,54.8766],[-1.4326,54.8766],[-1.4355,54.875],[-1.4358,54.8752],[-1.4369,54.8749],[-1.4377,54.8757],[-1.4383,54.8754],[-1.4391,54.8761],[-1.4385,54.8765],[-1.436,54.8774],[-1.4336,54.8772],[-1.4324,54.878],[-1.4307,54.8791],[-1.4297,54.8786],[-1.4297,54.8781]]]}},{"type":"Feature","properties":{"lsoa_code":"E01008779","lsoa_name":"Sunderland 024C"},"geometry":{"type":"Polygon","coordinates":[[[-1.371,54.8858],[-1.3706,54.8858],[-1.368,54.8859],[-1.3668,54.8853],[-1.365,54.8832],[-1.3643,54.8824],[-1.3631,54.8804],[-1.3614,54.8775],[-1.3665,54.8779],[-1.3713,54.8783],[-1.3723,54.8783],[-1.3721,54.8793],[-1.3711,54.8794],[-1.3723,54.8807],[-1.3711,54.881],[-1.3731,54.8831],[-1.3723,54.8837],[-1.3729,54.884],[-1.3734,54.8843],[-1.3728,54.8846],[-1.3734,54.885],[-1.3745,54.8852],[-1.3751,54.885],[-1.3754,54.8849],[-1.3758,54.8848],[-1.3778,54.8863],[-1.3765,54.8871],[-1.3741,54.8863],[-1.371,54.8858]]]}},{"type":"Feature","properties":{"lsoa_code":"E01008780","lsoa_name":"Sunderland 024D"},"geometry":{"type":"Polygon","coordinates":[[[-1.3918,54.8867],[-1.3879,54.8854],[-1.386,54.8846],[-1.3866,54.8844],[-1.3862,54.884],[-1.3853,54.8836],[-1.3847,54.8839],[-1.384,54.8833],[-1.3832,54.8833],[-1.3821,54.8824],[-1.3818,54.8826],[-1.3834,54.8838],[-1.3807,54.8855],[-1.3799,54.8856],[-1.3797,54.8859],[-1.3781,54.8865],[-1.3778,54.8863],[-1.3758,54.8848],[-1.3754,54.8849],[-1.3751,54.885],[-1.3745,54.8852],[-1.3734,54.885],[-1.3728,54.8846],[-1.3734,54.8843],[-1.3729,54.884],[-1.3723,54.8837],[-1.3731,54.8831],[-1.3711,54.881],[-1.3723,54.8807],[-1.3711,54.8794],[-1.3721,54.8793],[-1.3723,54.8783],[-1.3743,54.8784],[-1.3768,54.8788],[-1.3784,54.8793],[-1.3803,54.8803],[-1.3809,54.8807],[-1.3816,54.8813],[-1.3829,54.881],[-1.3839,54.8819],[-1.3855,54.8817],[-1.3913,54.884],[-1.3913,54.8844],[-1.3945,54.8849],[-1.3938,54.8861],[-1.3929,54.8858],[-1.392,54.886],[-1.3918,54.8867]]]}},{"type":"Feature","properties":{"lsoa_code":"E01008781","lsoa_name":"Sunderland 022B"},"geometry":{"type":"Polygon","coordinates":[[[-1.3937,54.896],[-1.3932,54.8954],[-1.3927,54.8955],[-1.389,54.8963],[-1.3893,54.8945],[-1.3904,54.8943],[-1.3916,54.8949],[-1.3921,54.8945],[-1.3916,54.8929],[-1.3941,54.8928],[-1.3942,54.8924],[-1.3951,54.8925],[-1.3952,54.892],[-1.3952,54.8914],[-1.3958,54.8914],[-1.3958,54.8909],[-1.3966,54.8909],[-1.3974,54.8898],[-1.3992,54.89],[-1.3992,54.8897],[-1.3996,54.8898],[-1.3997,54.8901],[-1.3996,54.8902],[-1.3996,54.8908],[-1.3984,54.8917],[-1.3983,54.8922],[-1.3989,54.8923],[-1.3988,54.8927],[-1.3971,54.8926],[-1.3971,54.8929],[-1.3977,54.8929],[-1.3978,54.8935],[-1.3988,54.8936],[-1.4001,54.893],[-1.4018,54.8913],[-1.4022,54.8901],[-1.403,54.8902],[-1.4026,54.8913],[-1.4041,54.8915],[-1.4042,54.8922],[-1.4027,54.8928],[-1.4021,54.8934],[-1.4027,54.8933],[-1.4046,54.8947],[-1.4049,54.895],[-1.4036,54.8956],[-1.4028,54.8966],[-1.4021,54.8964],[-1.4012,54.8962],[-1.3993,54.8958],[-1.3986,54.8961],[-1.398,54.8957],[-1.3953,54.8972],[-1.3937,54.896]]]}},{"type":"Feature","properties":{"lsoa_code":"E01008782","lsoa_name":"Sunderland 022C"},"geometry":{"type":"Polygon","coordinates":[[[-1.4022,54.8901],[-1.4012,54.8896],[-1.4001,54.8897],[-1.4005,54.889],[-1.4011,54.8889],[-1.3994,54.8889],[-1.3994,54.8884],[-1.3999,54.8884],[-1.3996,54.8877],[-1.3989,54.8879],[-1.3987,54.8877],[-1.3986,54.8874],[-1.3998,54.8872],[-1.3997,54.8865],[-1.4011,54.8863],[-1.4024,54.8871],[-1.403,54.8868],[-1.402,54.8859],[-1.4026,54.8856],[-1.4026,54.885],[-1.4019,54.885],[-1.4007,54.8841],[-1.3962,54.8831],[-1.3958,54.8828],[-1.4018,54.8829],[-1.4048,54.8856],[-1.4057,54.886],[-1.4074,54.8867],[-1.4076,54.8871],[-1.4063,54.8874],[-1.4081,54.8892],[-1.4085,54.8893],[-1.41,54.8901],[-1.4103,54.8902],[-1.4115,54.8909],[-1.4104,54.8913],[-1.4103,54.8913],[-1.4064,54.8919],[-1.4027,54.8933],[-1.4021,54.8934],[-1.4027,54.8928],[-1.4042,54.8922],[-1.4041,54.8915],[-1.4026,54.8913],[-1.403,54.8902],[-1.4022,54.8901]]]}},{"type":"Feature","properties":{"lsoa_code":"E01008783","lsoa_name":"Sunderland 022D"},"geometry":{"type":"Polygon","coordinates":[[[-1.3916,54.8949],[-1.3904,54.8943],[-1.3893,54.8945],[-1.3903,54.8924],[-1.3884,54.8921],[-1.3871,54.8913],[-1.3883,54.8906],[-1.389,54.8908],[-1.3898,54.8903],[-1.3904,54.8904],[-1.3908,54.8898],[-1.3917,54.8895],[-1.3912,54.8892],[-1.392,54.8891],[-1.3919,54.8887],[-1.391,54.8884],[-1.3903,54.8879],[-1.3904,54.8877],[-1.3895,54.8877],[-1.3895,54.8874],[-1.3887,54.8875],[-1.3871,54.8864],[-1.3869,54.886],[-1.3879,54.8859],[-1.3879,54.8854],[-1.3918,54.8867],[-1.3936,54.8872],[-1.3941,54.8875],[-1.3957,54.888],[-1.3954,54.8889],[-1.3959,54.889],[-1.3959,54.8895],[-1.3974,54.8898],[-1.3966,54.8909],[-1.3958,54.8909],[-1.3958,54.8914],[-1.3952,54.8914],[-1.3952,54.892],[-1.3951,54.8925],[-1.3942,54.8924],[-1.3941,54.8928],[-1.3916,54.8929],[-1.3921,54.8945],[-1.3916,54.8949]]]}},{"type":"Feature","properties":{"lsoa_code":"E01008784","lsoa_name":"Sunderland 022E"},"geometry":{"type":"Polygon","coordinates":[[[-1.3871,54.8913],[-1.3851,54.8899],[-1.3809,54.8884],[-1.3803,54.8882],[-1.3765,54.8871],[-1.3778,54.8863],[-1.3781,54.8865],[-1.3797,54.8859],[-1.3799,54.8856],[-1.3807,54.8855],[-1.3834,54.8838],[-1.3818,54.8826],[-1.3821,54.8824],[-1.3832,54.8833],[-1.384,54.8833],[-1.3847,54.8839],[-1.3853,54.8836],[-1.3862,54.884],[-1.3866,54.8844],[-1.386,54.8846],[-1.3879,54.8854],[-1.3879,54.8859],[-1.3869,54.886],[-1.3871,54.8864],[-1.3887,54.8875],[-1.3895,54.8874],[-1.3895,54.8877],[-1.3904,54.8877],[-1.3903,54.8879],[-1.391,54.8884],[-1.3919,54.8887],[-1.392,54.8891],[-1.3912,54.8892],[-1.3917,54.8895],[-1.3908,54.8898],[-1.3904,54.8904],[-1.3898,54.8903],[-1.389,54.8908],[-1.3883,54.8906],[-1.3871,54.8913]]]}},{"type":"Feature","properties":{"lsoa_code":"E01008785","lsoa_name":"Sunderland 022F"},"geometry":{"type":"Polygon","coordinates":[[[-1.3978,54.8935],[-1.3977,54.8929],[-1.3971,54.8929],[-1.3971,54.8926],[-1.3988,54.8927],[-1.3989,54.8923],[-1.3983,54.8922],[-1.3984,54.8917],[-1.3996,54.8908],[-1.3996,54.8902],[-1.3997,54.8901],[-1.3996,54.8898],[-1.3992,54.8897],[-1.3992,54.89],[-1.3974,54.8898],[-1.3959,54.8895],[-1.3959,54.889],[-1.3954,54.8889],[-1.3957,54.888],[-1.3941,54.8875],[-1.3936,54.8872],[-1.3918,54.8867],[-1.392,54.886],[-1.3929,54.8858],[-1.3938,54.8861],[-1.3945,54.8849],[-1.3955,54.8844],[-1.3955,54.8828],[-1.3958,54.8828],[-1.3962,54.8831],[-1.4007,54.8841],[-1.4019,54.885],[-1.4026,54.885],[-1.4026,54.8856],[-1.402,54.8859],[-1.403,54.8868],[-1.4024,54.8871],[-1.4011,54.8863],[-1.3997,54.8865],[-1.3998,54.8872],[-1.3986,54.8874],[-1.3987,54.8877],[-1.3989,54.8879],[-1.3996,54.8877],[-1.3999,54.8884],[-1.3994,54.8884],[-1.3994,54.8889],[-1.4011,54.8889],[-1.4005,54.889],[-1.4001,54.8897],[-1.4012,54.8896],[-1.4022,54.8901],[-1.4018,54.8913],[-1.4001,54.893],[-1.3988,54.8936],[-1.3978,54.8935]]]}},{"type":"Feature","properties":{"lsoa_code":"E01008786","lsoa_name":"Sunderland 006A"},"geometry":{"type":"Polygon","coordinates":[[[-1.3752,54.926],[-1.3752,54.9249],[-1.3737,54.925],[-1.3736,54.9247],[-1.3718,54.9247],[-1.3718,54.9244],[-1.3717,54.9251],[-1.371,54.9251],[-1.3719,54.922],[-1.372,54.922],[-1.3726,54.9221],[-1.3729,54.9219],[-1.3745,54.9224],[-1.3751,54.9222],[-1.3753,54.9221],[-1.3732,54.9212],[-1.374,54.9209],[-1.3743,54.9212],[-1.3747,54.921],[-1.3756,54.9214],[-1.376,54.922],[-1.3772,54.9219],[-1.3774,54.9224],[-1.3775,54.9228],[-1.3776,54.9231],[-1.3774,54.9237],[-1.3786,54.9245],[-1.3793,54.9243],[-1.38,54.9245],[-1.3806,54.9242],[-1.3806,54.9243],[-1.381,54.9265],[-1.3806,54.9265],[-1.3773,54.9264],[-1.377,54.9264],[-1.373,54.9263],[-1.373,54.926],[-1.3752,54.926]]]}},{"type":"Feature","properties":{"lsoa_code":"E01008787","lsoa_name":"Sunderland 006B"},"geometry":{"type":"Polygon","coordinates":[[[-1.3824,54.9216],[-1.3814,54.9206],[-1.3796,54.9207],[-1.3793,54.9198],[-1.3787,54.9195],[-1.3782,54.9196],[-1.3769,54.9201],[-1.3758,54.9202],[-1.3768,54.9199],[-1.3757,54.9181],[-1.3738,54.9182],[-1.3729,54.9184],[-1.3729,54.9178],[-1.3725,54.9179],[-1.372,54.9175],[-1.3723,54.9173],[-1.3746,54.9165],[-1.3748,54.9167],[-1.3752,54.9166],[-1.3776,54.9158],[-1.3785,54.9156],[-1.3789,54.9161],[-1.3819,54.9163],[-1.3816,54.916],[-1.3826,54.9157],[-1.3828,54.9161],[-1.3834,54.9171],[-1.3828,54.9189],[-1.3827,54.92],[-1.383,54.9215],[-1.3824,54.9216]]]}},{"type":"Feature","properties":{"lsoa_code":"E01008788","lsoa_name":"Sunderland 006C"},"geometry":{"type":"Polygon","coordinates":[[[-1.38,54.9245],[-1.3793,54.9243],[-1.3786,54.9245],[-1.3774,54.9237],[-1.3776,54.9231],[-1.3775,54.9228],[-1.3774,54.9224],[-1.3772,54.9219],[-1.376,54.922],[-1.3756,54.9214],[-1.3747,54.921],[-1.3743,54.9212],[-1.374,54.9209],[-1.3745,54.9204],[-1.3751,54.9205],[-1.375,54.92],[-1.3768,54.9199],[-1.3758,54.9202],[-1.3769,54.9201],[-1.3782,54.9196],[-1.3787,54.9195],[-1.3793,54.9198],[-1.3796,54.9207],[-1.3814,54.9206],[-1.3824,54.9216],[-1.383,54.9215],[-1.3837,54.923],[-1.3841,54.924],[-1.3822,54.9241],[-1.3805,54.9238],[-1.3806,54.9242],[-1.38,54.9245]]]}},{"type":"Feature","properties":{"lsoa_code":"E01008789","lsoa_name":"Sunderland 006D"},"geometry":{"type":"Polygon","coordinates":[[[-1.3664,54.9249],[-1.3656,54.9217],[-1.3631,54.9219],[-1.3634,54.9198],[-1.3629,54.9188],[-1.3623,54.9185],[-1.3607,54.9189],[-1.3599,54.9188],[-1.3632,54.9178],[-1.3646,54.9183],[-1.3656,54.9179],[-1.3659,54.9173],[-1.3662,54.9187],[-1.3663,54.9187],[-1.3664,54.9189],[-1.3665,54.9194],[-1.3675,54.9198],[-1.3685,54.9185],[-1.3672,54.9182],[-1.3671,54.9178],[-1.368,54.9175],[-1.3693,54.9163],[-1.3691,54.914],[-1.371,54.9126],[-1.3709,54.9118],[-1.3733,54.9108],[-1.3754,54.911],[-1.3756,54.9124],[-1.3744,54.9125],[-1.3736,54.9132],[-1.3748,54.9142],[-1.3742,54.9145],[-1.3728,54.9146],[-1.3723,54.9142],[-1.3726,54.9138],[-1.3718,54.9141],[-1.371,54.9141],[-1.3706,54.9146],[-1.3709,54.9151],[-1.3697,54.9165],[-1.3698,54.9171],[-1.3692,54.9179],[-1.3707,54.9179],[-1.3703,54.9182],[-1.3695,54.9186],[-1.3695,54.9192],[-1.3713,54.9184],[-1.3713,54.9181],[-1.3715,54.9184],[-1.3725,54.9179],[-1.3725,54.9184],[-1.3716,54.9186],[-1.3721,54.9187],[-1.3721,54.9194],[-1.3713,54.9196],[-1.3714,54.9203],[-1.3707,54.9204],[-1.3699,54.9202],[-1.3699,54.9198],[-1.3692,54.92],[-1.3686,54.9198],[-1.3681,54.9206],[-1.3679,54.9208],[-1.3678,54.9225],[-1.3683,54.9224],[-1.3686,54.9232],[-1.368,54.9244],[-1.3664,54.9249]]]}},{"type":"Feature","properties":{"lsoa_code":"E01008790","lsoa_name":"Sunderland 006E"},"geometry":{"type":"Polygon","coordinates":[[[-1.3694,54.9258],[-1.3691,54.9246],[-1.368,54.9244],[-1.3686,54.9232],[-1.3683,54.9224],[-1.3678,54.9225],[-1.3679,54.9208],[-1.3681,54.9206],[-1.3686,54.9198],[-1.3692,54.92],[-1.3699,54.9198],[-1.3699,54.9202],[-1.3707,54.9204],[-1.3714,54.9203],[-1.3713,54.9196],[-1.3721,54.9194],[-1.3721,54.9187],[-1.3716,54.9186],[-1.3725,54.9184],[-1.3725,54.9179],[-1.3729,54.9178],[-1.3729,54.9184],[-1.3738,54.9182],[-1.3757,54.9181],[-1.3768,54.9199],[-1.375,54.92],[-1.3751,54.9205],[-1.3745,54.9204],[-1.374,54.9209],[-1.3732,54.9212],[-1.3753,54.9221],[-1.3751,54.9222],[-1.3745,54.9224],[-1.3729,54.9219],[-1.3726,54.9221],[-1.372,54.922],[-1.3719,54.922],[-1.371,54.9251],[-1.3708,54.9256],[-1.3704,54.9255],[-1.3701,54.9259],[-1.3694,54.9258]]]}},{"type":"Feature","properties":{"lsoa_code":"E01008791","lsoa_name":"Sunderland 006F"},"geometry":{"type":"Polygon","coordinates":[[[-1.3703,54.9182],[-1.3707,54.9179],[-1.3692,54.9179],[-1.3698,54.9171],[-1.3697,54.9165],[-1.3709,54.9151],[-1.3706,54.9146],[-1.371,54.9141],[-1.3718,54.9141],[-1.3726,54.9138],[-1.3723,54.9142],[-1.3728,54.9146],[-1.3742,54.9145],[-1.3748,54.9142],[-1.3736,54.9132],[-1.3744,54.9125],[-1.3756,54.9124],[-1.3754,54.911],[-1.3772,54.9112],[-1.3821,54.9104],[-1.3824,54.9102],[-1.3863,54.9103],[-1.3892,54.9113],[-1.3914,54.9125],[-1.3916,54.9137],[-1.3908,54.9136],[-1.3901,54.9129],[-1.3889,54.9129],[-1.3881,54.9132],[-1.3879,54.9137],[-1.3871,54.9139],[-1.3868,54.9136],[-1.3825,54.9146],[-1.3825,54.9149],[-1.3826,54.9157],[-1.3816,54.916],[-1.3819,54.9163],[-1.3789,54.9161],[-1.3785,54.9156],[-1.3776,54.9158],[-1.3752,54.9166],[-1.3748,54.9167],[-1.3746,54.9165],[-1.3723,54.9173],[-1.372,54.9175],[-1.3725,54.9179],[-1.3715,54.9184],[-1.3713,54.9181],[-1.3713,54.9184],[-1.3695,54.9192],[-1.3695,54.9186],[-1.3703,54.9182]]]}},{"type":"Feature","properties":{"lsoa_code":"E01008792","lsoa_name":"Sunderland 002E"},"geometry":{"type":"Polygon","coordinates":[[[-1.3661,54.9261],[-1.3633,54.9229],[-1.3604,54.9232],[-1.3574,54.923],[-1.3543,54.9223],[-1.3522,54.9213],[-1.3526,54.9212],[-1.3556,54.9225],[-1.3592,54.923],[-1.3634,54.9227],[-1.3631,54.9219],[-1.3656,54.9217],[-1.3664,54.9249],[-1.368,54.9244],[-1.3691,54.9246],[-1.3694,54.9258],[-1.3701,54.9259],[-1.3704,54.9255],[-1.3708,54.9256],[-1.371,54.9251],[-1.3717,54.9251],[-1.3718,54.9244],[-1.3718,54.9247],[-1.3736,54.9247],[-1.3737,54.925],[-1.3752,54.9249],[-1.3752,54.926],[-1.373,54.926],[-1.373,54.9263],[-1.373,54.9266],[-1.373,54.9276],[-1.3728,54.9292],[-1.3724,54.9292],[-1.3722,54.9307],[-1.3713,54.9308],[-1.3703,54.9309],[-1.3675,54.9311],[-1.3654,54.9311],[-1.3654,54.9297],[-1.3671,54.9285],[-1.3656,54.9264],[-1.3661,54.9261]]]}},{"type":"Feature","properties":{"lsoa_code":"E01008793","lsoa_name":"Sunderland 030A"},"geometry":{"type":"Polygon","coordinates":[[[-1.4897,54.8709],[-1.4862,54.8692],[-1.4871,54.8679],[-1.4878,54.868],[-1.4879,54.8678],[-1.4897,54.8681],[-1.4898,54.8679],[-1.4903,54.8679],[-1.4905,54.8677],[-1.49,54.8674],[-1.4899,54.8677],[-1.4895,54.8676],[-1.4895,54.8673],[-1.4907,54.8672],[-1.4907,54.8674],[-1.4922,54.8675],[-1.4926,54.8667],[-1.4882,54.8666],[-1.4895,54.8649],[-1.491,54.865],[-1.4923,54.8647],[-1.4919,54.864],[-1.4937,54.8631],[-1.4939,54.8625],[-1.4944,54.8617],[-1.4957,54.8611],[-1.497,54.8615],[-1.4968,54.8622],[-1.4989,54.8645],[-1.4994,54.8645],[-1.5,54.8651],[-1.4999,54.8652],[-1.4986,54.865],[-1.4989,54.8652],[-1.4975,54.8666],[-1.4986,54.8668],[-1.4981,54.8674],[-1.4967,54.8672],[-1.4982,54.8685],[-1.4976,54.8692],[-1.498,54.8696],[-1.4979,54.8699],[-1.4966,54.8695],[-1.4958,54.8692],[-1.4962,54.8688],[-1.4951,54.8686],[-1.4942,54.8686],[-1.4938,54.8688],[-1.4942,54.8689],[-1.4933,54.8694],[-1.4929,54.8691],[-1.4909,54.8699],[-1.4904,54.8696],[-1.4892,54.8705],[-1.4897,54.8707],[-1.4898,54.8708],[-1.4897,54.8709]]]}},{"type":"Feature","properties":{"lsoa_code":"E01008795","lsoa_name":"Sunderland 030B"},"geometry":{"type":"Polygon","coordinates":[[[-1.4991,54.8727],[-1.4952,54.8705],[-1.4964,54.8701],[-1.4966,54.8695],[-1.4979,54.8699],[-1.498,54.8696],[-1.4976,54.8692],[-1.4982,54.8685],[-1.4967,54.8672],[-1.4981,54.8674],[-1.4986,54.8668],[-1.4975,54.8666],[-1.4989,54.8652],[-1.4986,54.865],[-1.4999,54.8652],[-1.5,54.8651],[-1.4994,54.8645],[-1.5006,54.8641],[-1.5017,54.863],[-1.5023,54.8631],[-1.5038,54.8635],[-1.5035,54.8644],[-1.5034,54.8648],[-1.5027,54.8646],[-1.5029,54.8648],[-1.5047,54.8651],[-1.5101,54.8642],[-1.5083,54.8689],[-1.5069,54.8708],[-1.5068,54.871],[-1.5067,54.8711],[-1.5063,54.8713],[-1.5041,54.8704],[-1.5025,54.8708],[-1.5018,54.8707],[-1.5014,54.872],[-1.5007,54.8714],[-1.5,54.8719],[-1.5008,54.8719],[-1.5007,54.873],[-1.5013,54.8734],[-1.4997,54.8742],[-1.4983,54.8741],[-1.4991,54.8727]]]}},{"type":"Feature","properties":{"lsoa_code":"E01008796","lsoa_name":"Sunderland 032D"},"geometry":{"type":"Polygon","coordinates":[[[-1.4843,54.869],[-1.4838,54.8674],[-1.4825,54.8682],[-1.4822,54.868],[-1.4808,54.8686],[-1.4779,54.8689],[-1.4776,54.868],[-1.4791,54.8669],[-1.4822,54.8675],[-1.4842,54.8664],[-1.4845,54.8666],[-1.484,54.8661],[-1.4846,54.8663],[-1.4855,54.8657],[-1.4847,54.8645],[-1.4833,54.8648],[-1.4836,54.8635],[-1.4828,54.8629],[-1.4813,54.8625],[-1.481,54.8619],[-1.48,54.8621],[-1.4789,54.8615],[-1.4805,54.8611],[-1.4816,54.8603],[-1.4848,54.8605],[-1.4849,54.8596],[-1.4836,54.8579],[-1.4824,54.8564],[-1.4833,54.8564],[-1.4871,54.8592],[-1.4893,54.8604],[-1.4896,54.8591],[-1.4954,54.8586],[-1.4967,54.8599],[-1.4982,54.86],[-1.4969,54.8611],[-1.497,54.8615],[-1.4957,54.8611],[-1.4944,54.8617],[-1.4939,54.8625],[-1.4937,54.8631],[-1.4919,54.864],[-1.4923,54.8647],[-1.491,54.865],[-1.4895,54.8649],[-1.4882,54.8666],[-1.4926,54.8667],[-1.4922,54.8675],[-1.4907,54.8674],[-1.4907,54.8672],[-1.4895,54.8673],[-1.4895,54.8676],[-1.4899,54.8677],[-1.49,54.8674],[-1.4905,54.8677],[-1.4903,54.8679],[-1.4898,54.8679],[-1.4897,54.8681],[-1.4879,54.8678],[-1.4878,54.868],[-1.4871,54.8679],[-1.4862,54.8692],[-1.4843,54.869]]]}},{"type":"Feature","properties":{"lsoa_code":"E01008797","lsoa_name":"Sunderland 030C"},"geometry":{"type":"Polygon","coordinates":[[[-1.5047,54.8651],[-1.5029,54.8648],[-1.5027,54.8646],[-1.5034,54.8648],[-1.5035,54.8644],[-1.5038,54.8635],[-1.5023,54.8631],[-1.5017,54.863],[-1.5006,54.8641],[-1.4994,54.8645],[-1.4989,54.8645],[-1.4968,54.8622],[-1.497,54.8615],[-1.4969,54.8611],[-1.4982,54.86],[-1.4967,54.8599],[-1.4954,54.8586],[-1.4896,54.8591],[-1.4893,54.8604],[-1.4871,54.8592],[-1.4833,54.8564],[-1.4824,54.8564],[-1.4815,54.8551],[-1.4885,54.8524],[-1.4916,54.8514],[-1.4946,54.851],[-1.4953,54.8506],[-1.4964,54.8511],[-1.5004,54.8505],[-1.5008,54.8504],[-1.5024,54.8503],[-1.5036,54.8512],[-1.5057,54.8509],[-1.5062,54.8504],[-1.5076,54.8504],[-1.509,54.8554],[-1.5095,54.8569],[-1.5103,54.8601],[-1.5101,54.8642],[-1.5047,54.8651]]]}},{"type":"Feature","properties":{"lsoa_code":"E01008799","lsoa_name":"Sunderland 025A"},"geometry":{"type":"Polygon","coordinates":[[[-1.505,54.8809],[-1.5049,54.8787],[-1.5039,54.878],[-1.5026,54.8777],[-1.5019,54.8769],[-1.5009,54.8767],[-1.5001,54.8783],[-1.501,54.8757],[-1.4965,54.8755],[-1.4963,54.8746],[-1.4983,54.8741],[-1.4997,54.8742],[-1.5013,54.8734],[-1.5007,54.873],[-1.5008,54.8719],[-1.5,54.8719],[-1.5007,54.8714],[-1.5014,54.872],[-1.5018,54.8707],[-1.5025,54.8708],[-1.5041,54.8704],[-1.5063,54.8713],[-1.5067,54.8711],[-1.509,54.8724],[-1.5138,54.8748],[-1.5152,54.8751],[-1.5167,54.875],[-1.5171,54.8757],[-1.519,54.8759],[-1.5192,54.8759],[-1.5182,54.8781],[-1.5143,54.8801],[-1.5107,54.8811],[-1.507,54.8804],[-1.5054,54.8813],[-1.505,54.8809]]]}},{"type":"Feature","properties":{"lsoa_code":"E01008800","lsoa_name":"Sunderland 030D"},"geometry":{"type":"Polygon","coordinates":[[[-1.4935,54.8757],[-1.4917,54.8754],[-1.4907,54.876],[-1.489,54.8747],[-1.4884,54.8745],[-1.4876,54.8742],[-1.4886,54.8725],[-1.4892,54.8721],[-1.4902,54.8722],[-1.4916,54.8724],[-1.4928,54.8727],[-1.4929,54.8734],[-1.4939,54.874],[-1.4938,54.8747],[-1.4963,54.8746],[-1.4965,54.8755],[-1.501,54.8757],[-1.5001,54.8783],[-1.5,54.8784],[-1.4995,54.8784],[-1.4954,54.8786],[-1.4951,54.8777],[-1.4951,54.877],[-1.4929,54.8766],[-1.4935,54.8757]]]}},{"type":"Feature","properties":{"lsoa_code":"E01008801","lsoa_name":"Sunderland 030E"},"geometry":{"type":"Polygon","coordinates":[[[-1.4815,54.8774],[-1.4776,54.8756],[-1.4764,54.876],[-1.4805,54.872],[-1.4805,54.8693],[-1.4813,54.8689],[-1.4808,54.8686],[-1.4822,54.868],[-1.4825,54.8682],[-1.4838,54.8674],[-1.4843,54.869],[-1.4862,54.8692],[-1.4897,54.8709],[-1.4898,54.8708],[-1.4897,54.8707],[-1.4892,54.8705],[-1.4904,54.8696],[-1.4909,54.8699],[-1.4929,54.8691],[-1.4933,54.8694],[-1.4942,54.8689],[-1.4938,54.8688],[-1.4942,54.8686],[-1.4951,54.8686],[-1.4962,54.8688],[-1.4958,54.8692],[-1.4966,54.8695],[-1.4964,54.8701],[-1.4952,54.8705],[-1.4991,54.8727],[-1.4983,54.8741],[-1.4963,54.8746],[-1.4938,54.8747],[-1.4939,54.874],[-1.4929,54.8734],[-1.4928,54.8727],[-1.4916,54.8724],[-1.4902,54.8722],[-1.4892,54.8721],[-1.4886,54.8725],[-1.4876,54.8742],[-1.4859,54.8759],[-1.4827,54.8782],[-1.4815,54.8774]]]}},{"type":"Feature","properties":{"lsoa_code":"E01008802","lsoa_name":"Sunderland 029D"},"geometry":{"type":"MultiPolygon","coordinates":[[[[-1.4239,54.8652],[-1.4241,54.8651],[-1.4242,54.8651],[-1.4239,54.8652]]],[[[-1.4239,54.8652],[-1.4243,54.8655],[-1.4238,54.8657],[-1.4238,54.8662],[-1.4213,54.8664],[-1.4215,54.8667],[-1.4223,54.8664],[-1.4235,54.8686],[-1.4213,54.8692],[-1.4209,54.8695],[-1.4209,54.8703],[-1.4184,54.871],[-1.4175,54.872],[-1.4152,54.8721],[-1.4146,54.8729],[-1.4152,54.8738],[-1.4137,54.874],[-1.413,54.8741],[-1.4135,54.8749],[-1.4131,54.8751],[-1.4119,54.8751],[-1.4122,54.8758],[-1.4109,54.8755],[-1.4103,54.8754],[-1.4089,54.8751],[-1.4088,54.8743],[-1.407,54.8745],[-1.4068,54.8744],[-1.4063,54.8741],[-1.4079,54.8738],[-1.4065,54.8718],[-1.4073,54.8717],[-1.4081,54.8721],[-1.4102,54.8721],[-1.4096,54.8714],[-1.4117,54.8716],[-1.4115,54.8713],[-1.4142,54.8707],[-1.4135,54.8704],[-1.4135,54.8703],[-1.4125,54.8681],[-1.4112,54.8679],[-1.4125,54.8676],[-1.4122,54.8672],[-1.4125,54.8668],[-1.4136,54.8668],[-1.4142,54.8671],[-1.4151,54.8655],[-1.4168,54.8656],[-1.4191,54.8663],[-1.4192,54.8663],[-1.4209,54.8666],[-1.421,54.8661],[-1.4218,54.8657],[-1.4215,54.8651],[-1.4229,54.8645],[-1.4238,54.8648],[-1.4229,54.8656],[-1.4235,54.8656],[-1.4239,54.8652]]]]}},{"type":"Feature","properties":{"lsoa_code":"E01008803","lsoa_name":"Sunderland 027A"},"geometry":{"type":"Polygon","coordinates":[[[-1.4039,54.8799],[-1.401,54.8791],[-1.4001,54.8787],[-1.402,54.878],[-1.4036,54.8771],[-1.4032,54.8769],[-1.4037,54.8764],[-1.4033,54.8757],[-1.4027,54.8758],[-1.4022,54.8748],[-1.4017,54.8739],[-1.4025,54.8737],[-1.4038,54.8735],[-1.4049,54.8733],[-1.4046,54.8725],[-1.4058,54.8725],[-1.4056,54.872],[-1.4065,54.8718],[-1.4079,54.8738],[-1.4063,54.8741],[-1.4068,54.8744],[-1.407,54.8745],[-1.4079,54.8756],[-1.4086,54.8754],[-1.4073,54.8766],[-1.4084,54.8772],[-1.4081,54.8778],[-1.4061,54.8769],[-1.4049,54.8777],[-1.4075,54.879],[-1.4068,54.8795],[-1.4057,54.8795],[-1.4048,54.88],[-1.4039,54.8799]]]}},{"type":"Feature","properties":{"lsoa_code":"E01008804","lsoa_name":"Sunderland 027B"},"geometry":{"type":"Polygon","coordinates":[[[-1.3925,54.8779],[-1.3921,54.8769],[-1.3913,54.8748],[-1.3903,54.8747],[-1.3897,54.8737],[-1.3932,54.8731],[-1.3931,54.8728],[-1.3945,54.8727],[-1.3946,54.8724],[-1.395,54.8716],[-1.3952,54.8711],[-1.3973,54.8683],[-1.398,54.869],[-1.3995,54.8702],[-1.3997,54.8704],[-1.4003,54.8704],[-1.4004,54.871],[-1.3995,54.8713],[-1.4,54.8723],[-1.4003,54.8727],[-1.4003,54.8729],[-1.4005,54.8732],[-1.4001,54.8733],[-1.4005,54.874],[-1.4013,54.8757],[-1.4002,54.8758],[-1.3996,54.8765],[-1.4,54.8774],[-1.3974,54.8774],[-1.3919,54.8785],[-1.3925,54.8779]]]}},{"type":"Feature","properties":{"lsoa_code":"E01008805","lsoa_name":"Sunderland 027C"},"geometry":{"type":"Polygon","coordinates":[[[-1.4002,54.8758],[-1.4013,54.8757],[-1.4005,54.874],[-1.4001,54.8733],[-1.4005,54.8732],[-1.4003,54.8729],[-1.4003,54.8727],[-1.4,54.8723],[-1.3995,54.8713],[-1.4004,54.871],[-1.4003,54.8704],[-1.3997,54.8704],[-1.3995,54.8702],[-1.398,54.869],[-1.3997,54.869],[-1.4007,54.8703],[-1.4007,54.8703],[-1.4016,54.8705],[-1.4018,54.8703],[-1.4025,54.8702],[-1.4029,54.8703],[-1.403,54.8703],[-1.403,54.8704],[-1.4031,54.8706],[-1.4039,54.8705],[-1.4045,54.8714],[-1.4049,54.8721],[-1.4032,54.8724],[-1.4038,54.8735],[-1.4025,54.8737],[-1.4017,54.8739],[-1.4022,54.8748],[-1.4027,54.8758],[-1.4033,54.8757],[-1.4037,54.8764],[-1.4032,54.8769],[-1.4036,54.8771],[-1.402,54.878],[-1.4,54.8774],[-1.3996,54.8765],[-1.4002,54.8758]]]}},{"type":"Feature","properties":{"lsoa_code":"E01008808","lsoa_name":"Sunderland 029E"},"geometry":{"type":"Polygon","coordinates":[[[-1.4239,54.8652],[-1.4242,54.8651],[-1.4241,54.8651],[-1.4239,54.8652],[-1.4235,54.8656],[-1.4229,54.8656],[-1.4238,54.8648],[-1.4229,54.8645],[-1.4215,54.8651],[-1.4211,54.8646],[-1.4215,54.8638],[-1.4224,54.8627],[-1.4233,54.8623],[-1.4234,54.8614],[-1.4236,54.8568],[-1.4285,54.8581],[-1.4323,54.8634],[-1.4329,54.8646],[-1.4325,54.8651],[-1.4321,54.8657],[-1.4334,54.8679],[-1.4324,54.8696],[-1.4301,54.8699],[-1.4297,54.87],[-1.4275,54.8704],[-1.4252,54.8704],[-1.4209,54.8703],[-1.4209,54.8695],[-1.4213,54.8692],[-1.4235,54.8686],[-1.4223,54.8664],[-1.4215,54.8667],[-1.4213,54.8664],[-1.4238,54.8662],[-1.4238,54.8657],[-1.4243,54.8655],[-1.4239,54.8652]]]}},{"type":"Feature","properties":{"lsoa_code":"E01008809","lsoa_name":"Sunderland 026E"},"geometry":{"type":"Polygon","coordinates":[[[-1.4018,54.8829],[-1.3958,54.8828],[-1.3955,54.8828],[-1.3949,54.8816],[-1.3919,54.8802],[-1.3914,54.8791],[-1.3919,54.8785],[-1.3974,54.8774],[-1.4,54.8774],[-1.402,54.878],[-1.4001,54.8787],[-1.401,54.8791],[-1.4039,54.8799],[-1.4048,54.88],[-1.4057,54.8795],[-1.4068,54.8795],[-1.4075,54.879],[-1.4049,54.8777],[-1.4061,54.8769],[-1.4081,54.8778],[-1.4084,54.8772],[-1.4073,54.8766],[-1.4086,54.8754],[-1.4079,54.8756],[-1.407,54.8745],[-1.4088,54.8743],[-1.4089,54.8751],[-1.4103,54.8754],[-1.4109,54.8755],[-1.4122,54.8758],[-1.4119,54.8751],[-1.4131,54.8751],[-1.4135,54.8749],[-1.413,54.8741],[-1.4137,54.874],[-1.4152,54.8738],[-1.4146,54.8729],[-1.4152,54.8721],[-1.4175,54.872],[-1.4165,54.8738],[-1.4171,54.8756],[-1.4173,54.8759],[-1.4176,54.8769],[-1.4176,54.877],[-1.4184,54.8777],[-1.4213,54.8788],[-1.4197,54.8826],[-1.4164,54.8838],[-1.4155,54.884],[-1.4139,54.8845],[-1.4119,54.885],[-1.4116,54.8859],[-1.4119,54.8862],[-1.4074,54.8867],[-1.4057,54.886],[-1.4048,54.8856],[-1.4018,54.8829]]]}},{"type":"Feature","properties":{"lsoa_code":"E01008810","lsoa_name":"Sunderland 014A"},"geometry":{"type":"Polygon","coordinates":[[[-1.4426,54.9078],[-1.4406,54.9064],[-1.4391,54.9071],[-1.4377,54.9058],[-1.4401,54.9043],[-1.4404,54.9022],[-1.4396,54.9014],[-1.4375,54.9017],[-1.4375,54.9018],[-1.4365,54.9019],[-1.4367,54.9026],[-1.4353,54.9028],[-1.4346,54.9026],[-1.4345,54.9023],[-1.432,54.9022],[-1.432,54.9019],[-1.4331,54.9019],[-1.4325,54.9003],[-1.4308,54.9002],[-1.4304,54.9001],[-1.4305,54.8996],[-1.431,54.8996],[-1.431,54.899],[-1.4305,54.8989],[-1.4305,54.8993],[-1.4291,54.8981],[-1.4291,54.898],[-1.4292,54.8974],[-1.4298,54.8974],[-1.4298,54.8979],[-1.4306,54.8981],[-1.4323,54.898],[-1.4325,54.8978],[-1.4336,54.898],[-1.4336,54.8985],[-1.4347,54.8988],[-1.4344,54.9014],[-1.4354,54.9015],[-1.4369,54.9012],[-1.4366,54.9002],[-1.4375,54.8997],[-1.4375,54.8989],[-1.437,54.8988],[-1.4371,54.8985],[-1.4378,54.8984],[-1.4387,54.8994],[-1.4397,54.8998],[-1.4401,54.8993],[-1.4408,54.8994],[-1.4408,54.8988],[-1.4395,54.8974],[-1.4381,54.8976],[-1.436,54.8959],[-1.4373,54.8956],[-1.4377,54.8954],[-1.4387,54.8951],[-1.4396,54.8961],[-1.4407,54.8959],[-1.4414,54.8965],[-1.4424,54.8977],[-1.4439,54.8992],[-1.443,54.8997],[-1.4437,54.9003],[-1.4444,54.9006],[-1.4472,54.8996],[-1.4475,54.8995],[-1.4476,54.9002],[-1.448,54.9005],[-1.4489,54.9004],[-1.4465,54.9014],[-1.4455,54.9017],[-1.4451,54.9015],[-1.4443,54.902],[-1.445,54.9024],[-1.445,54.9031],[-1.4432,54.9048],[-1.4416,54.906],[-1.4438,54.907],[-1.4442,54.9076],[-1.4434,54.9079],[-1.4426,54.9078]]]}},{"type":"Feature","properties":{"lsoa_code":"E01008811","lsoa_name":"Sunderland 014B"},"geometry":{"type":"Polygon","coordinates":[[[-1.4519,54.9038],[-1.4516,54.9036],[-1.4502,54.9043],[-1.4497,54.9041],[-1.4484,54.9038],[-1.4468,54.9047],[-1.4432,54.9048],[-1.445,54.9031],[-1.445,54.9024],[-1.4443,54.902],[-1.4451,54.9015],[-1.4455,54.9017],[-1.4465,54.9014],[-1.4489,54.9004],[-1.448,54.9005],[-1.4476,54.9002],[-1.4475,54.8995],[-1.4491,54.8989],[-1.4513,54.8974],[-1.4525,54.8966],[-1.4542,54.8959],[-1.4558,54.8968],[-1.4554,54.8992],[-1.4567,54.9024],[-1.4543,54.9032],[-1.4533,54.9039],[-1.4532,54.9044],[-1.4514,54.9052],[-1.4502,54.9048],[-1.4519,54.9038]]]}},{"type":"Feature","properties":{"lsoa_code":"E01008812","lsoa_name":"Sunderland 012C"},"geometry":{"type":"Polygon","coordinates":[[[-1.4271,54.9047],[-1.4271,54.9035],[-1.4261,54.903],[-1.4255,54.902],[-1.4253,54.9017],[-1.424,54.8989],[-1.4245,54.8988],[-1.4285,54.8982],[-1.429,54.8981],[-1.4291,54.8981],[-1.4305,54.8993],[-1.4305,54.8989],[-1.431,54.899],[-1.431,54.8996],[-1.4305,54.8996],[-1.4304,54.9001],[-1.4308,54.9002],[-1.4325,54.9003],[-1.4331,54.9019],[-1.432,54.9019],[-1.432,54.9022],[-1.4307,54.9018],[-1.4305,54.9021],[-1.4303,54.9024],[-1.4307,54.9025],[-1.4301,54.903],[-1.4308,54.9034],[-1.4303,54.9037],[-1.4289,54.9037],[-1.4276,54.9046],[-1.4271,54.9047]]]}},{"type":"Feature","properties":{"lsoa_code":"E01008813","lsoa_name":"Sunderland 014C"},"geometry":{"type":"Polygon","coordinates":[[[-1.4336,54.8985],[-1.4336,54.898],[-1.4325,54.8978],[-1.4323,54.898],[-1.4306,54.8981],[-1.4298,54.8979],[-1.4298,54.8974],[-1.4292,54.8974],[-1.4296,54.8958],[-1.4296,54.8949],[-1.4368,54.8931],[-1.4371,54.8933],[-1.4376,54.8938],[-1.4376,54.8939],[-1.4387,54.8951],[-1.4377,54.8954],[-1.4373,54.8956],[-1.436,54.8959],[-1.4381,54.8976],[-1.4395,54.8974],[-1.4408,54.8988],[-1.4408,54.8994],[-1.4401,54.8993],[-1.4397,54.8998],[-1.4387,54.8994],[-1.4378,54.8984],[-1.4371,54.8985],[-1.437,54.8988],[-1.4375,54.8989],[-1.4375,54.8997],[-1.4366,54.9002],[-1.4369,54.9012],[-1.4354,54.9015],[-1.4344,54.9014],[-1.4347,54.8988],[-1.4336,54.8985]]]}},{"type":"Feature","properties":{"lsoa_code":"E01008814","lsoa_name":"Sunderland 014D"},"geometry":{"type":"Polygon","coordinates":[[[-1.428,54.9122],[-1.4285,54.9097],[-1.4285,54.9083],[-1.4288,54.9086],[-1.4339,54.908],[-1.4345,54.908],[-1.4343,54.9076],[-1.4376,54.906],[-1.4377,54.9058],[-1.4391,54.9071],[-1.4406,54.9064],[-1.4426,54.9078],[-1.4434,54.9079],[-1.4442,54.9076],[-1.4438,54.907],[-1.4416,54.906],[-1.4432,54.9048],[-1.4468,54.9047],[-1.4484,54.9038],[-1.4497,54.9041],[-1.4502,54.9043],[-1.4516,54.9036],[-1.4519,54.9038],[-1.4502,54.9048],[-1.4514,54.9052],[-1.4532,54.9044],[-1.4533,54.9039],[-1.4543,54.9032],[-1.4567,54.9024],[-1.4579,54.9039],[-1.454,54.9062],[-1.4518,54.9079],[-1.4493,54.9091],[-1.449,54.9089],[-1.4491,54.9091],[-1.448,54.9095],[-1.4452,54.9104],[-1.4393,54.9117],[-1.4388,54.9111],[-1.435,54.9117],[-1.4322,54.9139],[-1.4286,54.9149],[-1.4287,54.9131],[-1.428,54.9122]]]}},{"type":"Feature","properties":{"lsoa_code":"E01008817","lsoa_name":"Sunderland 004B"},"geometry":{"type":"Polygon","coordinates":[[[-1.4065,54.9248],[-1.4063,54.9235],[-1.4063,54.9224],[-1.4069,54.9223],[-1.4081,54.9225],[-1.4085,54.9221],[-1.4087,54.9225],[-1.4091,54.9225],[-1.4092,54.9221],[-1.4098,54.9224],[-1.4104,54.9222],[-1.4105,54.922],[-1.4141,54.9224],[-1.4171,54.923],[-1.4148,54.9247],[-1.4151,54.925],[-1.4155,54.9249],[-1.4162,54.9263],[-1.4152,54.9266],[-1.4144,54.9266],[-1.4132,54.9253],[-1.4136,54.9249],[-1.4129,54.925],[-1.4111,54.9245],[-1.4103,54.9248],[-1.411,54.9253],[-1.4118,54.9253],[-1.4114,54.9256],[-1.4094,54.9262],[-1.408,54.9263],[-1.4075,54.9268],[-1.4068,54.9261],[-1.4065,54.9248]]]}},{"type":"Feature","properties":{"lsoa_code":"E01008819","lsoa_name":"Sunderland 004C"},"geometry":{"type":"Polygon","coordinates":[[[-1.4193,54.9273],[-1.4171,54.9262],[-1.4162,54.9263],[-1.4155,54.9249],[-1.4151,54.925],[-1.4148,54.9247],[-1.4171,54.923],[-1.4177,54.923],[-1.4256,54.9224],[-1.4258,54.9225],[-1.4282,54.9223],[-1.4279,54.924],[-1.4278,54.9243],[-1.4273,54.9251],[-1.4266,54.9252],[-1.424,54.9269],[-1.4235,54.9269],[-1.4232,54.9272],[-1.422,54.9268],[-1.4222,54.9265],[-1.421,54.9261],[-1.4204,54.9248],[-1.4204,54.9262],[-1.4194,54.9261],[-1.4193,54.9273]]]}},{"type":"Feature","properties":{"lsoa_code":"E01008820","lsoa_name":"Sunderland 005F"},"geometry":{"type":"Polygon","coordinates":[[[-1.4141,54.9224],[-1.4105,54.922],[-1.4104,54.9222],[-1.4098,54.9224],[-1.4092,54.9221],[-1.4091,54.9225],[-1.4087,54.9225],[-1.4085,54.9221],[-1.4081,54.9225],[-1.4069,54.9223],[-1.4067,54.9219],[-1.4064,54.9207],[-1.4062,54.9193],[-1.4064,54.9181],[-1.4042,54.918],[-1.4035,54.916],[-1.4057,54.9159],[-1.4056,54.9154],[-1.4061,54.9154],[-1.406,54.9142],[-1.4063,54.9145],[-1.4098,54.9144],[-1.4135,54.9174],[-1.415,54.9171],[-1.4173,54.9177],[-1.4208,54.9178],[-1.421,54.918],[-1.4247,54.9178],[-1.4262,54.9172],[-1.4261,54.9197],[-1.4255,54.9214],[-1.4256,54.9224],[-1.4177,54.923],[-1.4171,54.923],[-1.4141,54.9224]]]}},{"type":"Feature","properties":{"lsoa_code":"E01008821","lsoa_name":"Sunderland 004D"},"geometry":{"type":"Polygon","coordinates":[[[-1.4101,54.9302],[-1.4097,54.9279],[-1.4088,54.928],[-1.4075,54.9268],[-1.408,54.9263],[-1.4094,54.9262],[-1.4114,54.9256],[-1.4118,54.9253],[-1.411,54.9253],[-1.4103,54.9248],[-1.4111,54.9245],[-1.4129,54.925],[-1.4136,54.9249],[-1.4132,54.9253],[-1.4144,54.9266],[-1.4152,54.9266],[-1.4162,54.9263],[-1.4171,54.9262],[-1.4193,54.9273],[-1.4194,54.9261],[-1.4204,54.9262],[-1.4201,54.9271],[-1.4212,54.9276],[-1.4206,54.9274],[-1.4202,54.9286],[-1.4206,54.9286],[-1.4211,54.9288],[-1.4203,54.9291],[-1.4208,54.93],[-1.4193,54.9299],[-1.4187,54.9322],[-1.4171,54.9337],[-1.4125,54.9358],[-1.4109,54.9331],[-1.4121,54.9326],[-1.4117,54.9314],[-1.4101,54.9302]]]}},{"type":"Feature","properties":{"lsoa_code":"E01008822","lsoa_name":"Sunderland 004E"},"geometry":{"type":"Polygon","coordinates":[[[-1.4202,54.9286],[-1.4206,54.9274],[-1.4212,54.9276],[-1.4201,54.9271],[-1.4204,54.9262],[-1.4204,54.9248],[-1.421,54.9261],[-1.4222,54.9265],[-1.422,54.9268],[-1.4232,54.9272],[-1.4235,54.9269],[-1.424,54.9269],[-1.4266,54.9252],[-1.4273,54.9251],[-1.4278,54.9243],[-1.4279,54.924],[-1.4293,54.9247],[-1.4306,54.9259],[-1.4311,54.9264],[-1.4307,54.9268],[-1.4304,54.9271],[-1.4307,54.9273],[-1.4296,54.9279],[-1.4282,54.9281],[-1.4274,54.929],[-1.4274,54.9309],[-1.4264,54.9312],[-1.426,54.9304],[-1.4208,54.93],[-1.4203,54.9291],[-1.4211,54.9288],[-1.4206,54.9286],[-1.4202,54.9286]]]}},{"type":"Feature","properties":{"lsoa_code":"E01008823","lsoa_name":"Sunderland 023A"},"geometry":{"type":"Polygon","coordinates":[[[-1.4315,54.8845],[-1.4316,54.884],[-1.4324,54.884],[-1.4332,54.8844],[-1.4341,54.884],[-1.4347,54.8841],[-1.4354,54.8835],[-1.4352,54.8831],[-1.4344,54.883],[-1.4344,54.8823],[-1.4355,54.8823],[-1.4356,54.8823],[-1.4364,54.8823],[-1.4367,54.8818],[-1.4377,54.8819],[-1.4378,54.8816],[-1.4378,54.8816],[-1.4385,54.8808],[-1.4392,54.8808],[-1.4387,54.881],[-1.4392,54.8819],[-1.4398,54.8817],[-1.4406,54.8822],[-1.441,54.8819],[-1.4404,54.8812],[-1.4397,54.8811],[-1.4386,54.8797],[-1.4382,54.8796],[-1.4377,54.8786],[-1.4379,54.8776],[-1.4375,54.8774],[-1.437,54.8776],[-1.4367,54.8774],[-1.4364,54.8777],[-1.436,54.8774],[-1.4385,54.8765],[-1.4407,54.8783],[-1.4425,54.881],[-1.4438,54.8827],[-1.4427,54.8825],[-1.4391,54.8846],[-1.4377,54.8855],[-1.4377,54.8856],[-1.4373,54.8862],[-1.4358,54.8873],[-1.4356,54.8882],[-1.433,54.889],[-1.4348,54.8878],[-1.4315,54.8845]]]}},{"type":"Feature","properties":{"lsoa_code":"E01008824","lsoa_name":"Sunderland 023B"},"geometry":{"type":"Polygon","coordinates":[[[-1.4296,54.8819],[-1.4286,54.8815],[-1.4294,54.8809],[-1.4279,54.8806],[-1.4307,54.8791],[-1.4324,54.878],[-1.4336,54.8772],[-1.436,54.8774],[-1.4364,54.8777],[-1.4367,54.8774],[-1.437,54.8776],[-1.4375,54.8774],[-1.4379,54.8776],[-1.4377,54.8786],[-1.4382,54.8796],[-1.4386,54.8797],[-1.4397,54.8811],[-1.4404,54.8812],[-1.441,54.8819],[-1.4406,54.8822],[-1.4398,54.8817],[-1.4392,54.8819],[-1.4387,54.881],[-1.4392,54.8808],[-1.4385,54.8808],[-1.4378,54.8816],[-1.4378,54.8816],[-1.4377,54.8819],[-1.4367,54.8818],[-1.4364,54.8823],[-1.4356,54.8823],[-1.4355,54.8823],[-1.4344,54.8823],[-1.4337,54.8819],[-1.4338,54.8816],[-1.433,54.882],[-1.4321,54.8816],[-1.4312,54.882],[-1.43,54.8828],[-1.4294,54.8824],[-1.4296,54.8819]]]}},{"type":"Feature","properties":{"lsoa_code":"E01008825","lsoa_name":"Sunderland 023C"},"geometry":{"type":"Polygon","coordinates":[[[-1.4148,54.8922],[-1.4169,54.891],[-1.4175,54.8902],[-1.4175,54.8902],[-1.4177,54.8891],[-1.4183,54.8893],[-1.4191,54.8888],[-1.4194,54.8885],[-1.4189,54.8881],[-1.4203,54.8873],[-1.4208,54.8872],[-1.421,54.8878],[-1.4218,54.888],[-1.4227,54.8869],[-1.423,54.8864],[-1.4255,54.8877],[-1.425,54.8889],[-1.4279,54.8889],[-1.4279,54.8885],[-1.4316,54.8894],[-1.4289,54.891],[-1.4284,54.8918],[-1.4274,54.8924],[-1.4265,54.8928],[-1.424,54.8922],[-1.4232,54.8923],[-1.4222,54.8922],[-1.4193,54.8926],[-1.4152,54.8931],[-1.4148,54.8922]]]}},{"type":"Feature","properties":{"lsoa_code":"E01008826","lsoa_name":"Sunderland 023D"},"geometry":{"type":"Polygon","coordinates":[[[-1.4139,54.8925],[-1.4125,54.8911],[-1.411,54.8918],[-1.4104,54.8913],[-1.4115,54.8909],[-1.4103,54.8902],[-1.41,54.8901],[-1.4085,54.8893],[-1.4081,54.8892],[-1.4063,54.8874],[-1.4076,54.8871],[-1.4074,54.8867],[-1.4119,54.8862],[-1.4133,54.8862],[-1.4137,54.8865],[-1.4136,54.8866],[-1.4131,54.8866],[-1.4126,54.8881],[-1.4131,54.8883],[-1.4137,54.8887],[-1.4165,54.8882],[-1.417,54.8887],[-1.4177,54.8891],[-1.4175,54.8902],[-1.4175,54.8902],[-1.4169,54.891],[-1.4148,54.8922],[-1.4139,54.8925]]]}},{"type":"Feature","properties":{"lsoa_code":"E01008827","lsoa_name":"Sunderland 023E"},"geometry":{"type":"Polygon","coordinates":[[[-1.421,54.8878],[-1.4208,54.8872],[-1.4203,54.8873],[-1.4201,54.8872],[-1.4196,54.887],[-1.4194,54.8867],[-1.4179,54.8865],[-1.4185,54.886],[-1.416,54.8854],[-1.4166,54.8851],[-1.4163,54.8848],[-1.4169,54.8846],[-1.4171,54.8849],[-1.4186,54.8849],[-1.4188,54.8854],[-1.4201,54.8858],[-1.4209,54.8855],[-1.4207,54.8853],[-1.4198,54.8853],[-1.4196,54.885],[-1.42,54.8845],[-1.4196,54.8839],[-1.4186,54.8838],[-1.4171,54.8842],[-1.4164,54.8838],[-1.4197,54.8826],[-1.4213,54.8788],[-1.4215,54.8789],[-1.4241,54.8816],[-1.425,54.8821],[-1.4243,54.8828],[-1.4277,54.8835],[-1.4284,54.8842],[-1.4269,54.8844],[-1.4268,54.8851],[-1.4248,54.8855],[-1.425,54.8859],[-1.4256,54.8858],[-1.4266,54.8865],[-1.4266,54.887],[-1.4259,54.8869],[-1.4258,54.8874],[-1.4249,54.8872],[-1.4233,54.8861],[-1.4235,54.8859],[-1.423,54.8864],[-1.4227,54.8869],[-1.4218,54.888],[-1.421,54.8878]]]}},{"type":"Feature","properties":{"lsoa_code":"E01008828","lsoa_name":"Sunderland 023F"},"geometry":{"type":"Polygon","coordinates":[[[-1.417,54.8887],[-1.4165,54.8882],[-1.4137,54.8887],[-1.4131,54.8883],[-1.4126,54.8881],[-1.4131,54.8866],[-1.4136,54.8866],[-1.4137,54.8865],[-1.4133,54.8862],[-1.4119,54.8862],[-1.4116,54.8859],[-1.4119,54.885],[-1.4139,54.8845],[-1.4155,54.884],[-1.4164,54.8838],[-1.4171,54.8842],[-1.4186,54.8838],[-1.4196,54.8839],[-1.42,54.8845],[-1.4196,54.885],[-1.4198,54.8853],[-1.4207,54.8853],[-1.4209,54.8855],[-1.4201,54.8858],[-1.4188,54.8854],[-1.4186,54.8849],[-1.4171,54.8849],[-1.4169,54.8846],[-1.4163,54.8848],[-1.4166,54.8851],[-1.416,54.8854],[-1.4185,54.886],[-1.4179,54.8865],[-1.4194,54.8867],[-1.4196,54.887],[-1.4201,54.8872],[-1.4203,54.8873],[-1.4189,54.8881],[-1.4194,54.8885],[-1.4191,54.8888],[-1.4183,54.8893],[-1.4177,54.8891],[-1.417,54.8887]]]}},{"type":"Feature","properties":{"lsoa_code":"E01008829","lsoa_name":"Sunderland 023G"},"geometry":{"type":"Polygon","coordinates":[[[-1.4316,54.8894],[-1.4279,54.8885],[-1.4279,54.8889],[-1.425,54.8889],[-1.4255,54.8877],[-1.423,54.8864],[-1.4235,54.8859],[-1.4233,54.8861],[-1.4249,54.8872],[-1.4258,54.8874],[-1.4259,54.8869],[-1.4266,54.887],[-1.4266,54.8865],[-1.4256,54.8858],[-1.425,54.8859],[-1.4248,54.8855],[-1.4268,54.8851],[-1.4269,54.8844],[-1.4284,54.8842],[-1.4277,54.8835],[-1.4243,54.8828],[-1.425,54.8821],[-1.4279,54.8806],[-1.4294,54.8809],[-1.4286,54.8815],[-1.4296,54.8819],[-1.4294,54.8824],[-1.43,54.8828],[-1.4312,54.882],[-1.4321,54.8816],[-1.433,54.882],[-1.4338,54.8816],[-1.4337,54.8819],[-1.4344,54.8823],[-1.4344,54.883],[-1.4352,54.8831],[-1.4354,54.8835],[-1.4347,54.8841],[-1.4341,54.884],[-1.4332,54.8844],[-1.4324,54.884],[-1.4316,54.884],[-1.4315,54.8845],[-1.4348,54.8878],[-1.433,54.889],[-1.4316,54.8894]]]}},{"type":"Feature","properties":{"lsoa_code":"E01008830","lsoa_name":"Sunderland 018B"},"geometry":{"type":"Polygon","coordinates":[[[-1.3959,54.9019],[-1.3973,54.9007],[-1.3964,54.9008],[-1.3966,54.9004],[-1.3954,54.8998],[-1.3961,54.8995],[-1.3961,54.8989],[-1.3971,54.8989],[-1.3976,54.8981],[-1.3982,54.8982],[-1.3983,54.8973],[-1.3995,54.8973],[-1.3994,54.8977],[-1.4,54.8977],[-1.4012,54.8962],[-1.4021,54.8964],[-1.4024,54.8967],[-1.4014,54.898],[-1.4021,54.8979],[-1.4023,54.8982],[-1.4017,54.8986],[-1.4013,54.899],[-1.4012,54.8993],[-1.4003,54.8993],[-1.3998,54.8997],[-1.3986,54.8996],[-1.3977,54.9003],[-1.3982,54.9008],[-1.3996,54.9009],[-1.3998,54.9012],[-1.4006,54.901],[-1.4013,54.9021],[-1.3985,54.9025],[-1.3974,54.9027],[-1.397,54.9023],[-1.3959,54.9019]]]}},{"type":"Feature","properties":{"lsoa_code":"E01008831","lsoa_name":"Sunderland 013D"},"geometry":{"type":"Polygon","coordinates":[[[-1.389,54.9046],[-1.3881,54.9036],[-1.3877,54.9036],[-1.3869,54.903],[-1.3855,54.9036],[-1.3841,54.9025],[-1.3813,54.9023],[-1.3815,54.9006],[-1.3836,54.9001],[-1.3845,54.9008],[-1.3852,54.9008],[-1.3858,54.9016],[-1.3861,54.901],[-1.3854,54.8999],[-1.3864,54.8997],[-1.3875,54.8994],[-1.3885,54.8994],[-1.3903,54.8998],[-1.3906,54.9001],[-1.3925,54.9001],[-1.3929,54.9],[-1.3934,54.9004],[-1.3945,54.9001],[-1.3957,54.9011],[-1.3944,54.9017],[-1.3939,54.9019],[-1.3943,54.9021],[-1.3957,54.9018],[-1.3959,54.9019],[-1.397,54.9023],[-1.3974,54.9027],[-1.3947,54.9032],[-1.3915,54.9039],[-1.3899,54.9043],[-1.389,54.9046]]]}},{"type":"Feature","properties":{"lsoa_code":"E01008832","lsoa_name":"Sunderland 018C"},"geometry":{"type":"Polygon","coordinates":[[[-1.4013,54.9021],[-1.4006,54.901],[-1.3998,54.9012],[-1.3996,54.9009],[-1.3982,54.9008],[-1.3977,54.9003],[-1.3986,54.8996],[-1.3998,54.8997],[-1.4003,54.8993],[-1.4012,54.8993],[-1.4013,54.899],[-1.4017,54.8986],[-1.4021,54.8988],[-1.4027,54.8984],[-1.4036,54.8991],[-1.4037,54.899],[-1.4044,54.8994],[-1.4043,54.8994],[-1.4061,54.899],[-1.4061,54.8997],[-1.4055,54.9],[-1.4062,54.901],[-1.4046,54.9011],[-1.4031,54.9014],[-1.4027,54.9015],[-1.4028,54.9018],[-1.4025,54.9018],[-1.4013,54.9021]]]}},{"type":"Feature","properties":{"lsoa_code":"E01008833","lsoa_name":"Sunderland 018D"},"geometry":{"type":"Polygon","coordinates":[[[-1.4061,54.8997],[-1.4061,54.899],[-1.4043,54.8994],[-1.4044,54.8994],[-1.4037,54.899],[-1.4036,54.8991],[-1.4027,54.8984],[-1.4021,54.8988],[-1.4017,54.8986],[-1.4023,54.8982],[-1.4021,54.8979],[-1.4014,54.898],[-1.4024,54.8967],[-1.4021,54.8964],[-1.4028,54.8966],[-1.4036,54.8956],[-1.4049,54.895],[-1.407,54.897],[-1.4077,54.8976],[-1.4081,54.8982],[-1.4094,54.9002],[-1.4096,54.9005],[-1.4075,54.9011],[-1.406,54.9015],[-1.4037,54.9016],[-1.4028,54.9018],[-1.4027,54.9015],[-1.4031,54.9014],[-1.4046,54.9011],[-1.4062,54.901],[-1.4055,54.9],[-1.4061,54.8997]]]}},{"type":"Feature","properties":{"lsoa_code":"E01008834","lsoa_name":"Sunderland 013E"},"geometry":{"type":"Polygon","coordinates":[[[-1.3782,54.902],[-1.378,54.901],[-1.376,54.9013],[-1.3761,54.9017],[-1.3756,54.9011],[-1.376,54.9008],[-1.3779,54.9005],[-1.3772,54.8992],[-1.3769,54.8987],[-1.3788,54.8983],[-1.381,54.8978],[-1.3825,54.8975],[-1.3837,54.8971],[-1.3842,54.897],[-1.3856,54.8967],[-1.3864,54.8973],[-1.3883,54.897],[-1.3887,54.8972],[-1.388,54.8974],[-1.388,54.8978],[-1.3871,54.8979],[-1.3878,54.8983],[-1.3885,54.8981],[-1.3886,54.8977],[-1.3912,54.897],[-1.3921,54.8976],[-1.3921,54.8976],[-1.3885,54.8988],[-1.3885,54.8994],[-1.3875,54.8994],[-1.3864,54.8997],[-1.3854,54.8999],[-1.3861,54.901],[-1.3858,54.9016],[-1.3852,54.9008],[-1.3845,54.9008],[-1.3836,54.9001],[-1.3815,54.9006],[-1.3813,54.9023],[-1.3807,54.9026],[-1.3808,54.9032],[-1.3795,54.9032],[-1.3782,54.902]]]}},{"type":"Feature","properties":{"lsoa_code":"E01008835","lsoa_name":"Sunderland 022G"},"geometry":{"type":"Polygon","coordinates":[[[-1.3939,54.9019],[-1.3944,54.9017],[-1.3957,54.9011],[-1.3945,54.9001],[-1.3934,54.9004],[-1.3929,54.9],[-1.3925,54.9001],[-1.3906,54.9001],[-1.3903,54.8998],[-1.3885,54.8994],[-1.3885,54.8988],[-1.3921,54.8976],[-1.3921,54.8976],[-1.3912,54.897],[-1.3886,54.8977],[-1.3885,54.8981],[-1.3878,54.8983],[-1.3871,54.8979],[-1.388,54.8978],[-1.388,54.8974],[-1.3887,54.8972],[-1.3883,54.897],[-1.3864,54.8973],[-1.3856,54.8967],[-1.389,54.8963],[-1.3927,54.8955],[-1.3932,54.8954],[-1.3937,54.896],[-1.3953,54.8972],[-1.398,54.8957],[-1.3986,54.8961],[-1.3993,54.8958],[-1.4012,54.8962],[-1.4,54.8977],[-1.3994,54.8977],[-1.3995,54.8973],[-1.3983,54.8973],[-1.3982,54.8982],[-1.3976,54.8981],[-1.3971,54.8989],[-1.3961,54.8989],[-1.3961,54.8995],[-1.3954,54.8998],[-1.3966,54.9004],[-1.3964,54.9008],[-1.3973,54.9007],[-1.3959,54.9019],[-1.3957,54.9018],[-1.3943,54.9021],[-1.3939,54.9019]]]}},{"type":"Feature","properties":{"lsoa_code":"E01008836","lsoa_name":"Sunderland 016F"},"geometry":{"type":"Polygon","coordinates":[[[-1.364,54.9042],[-1.3682,54.9026],[-1.3708,54.9022],[-1.3708,54.9022],[-1.3738,54.9018],[-1.3756,54.9011],[-1.3761,54.9017],[-1.376,54.9013],[-1.378,54.901],[-1.3782,54.902],[-1.3795,54.9032],[-1.3808,54.9032],[-1.3807,54.9026],[-1.3813,54.9023],[-1.3841,54.9025],[-1.3855,54.9036],[-1.3869,54.903],[-1.3877,54.9036],[-1.3856,54.9042],[-1.3814,54.9044],[-1.379,54.9045],[-1.3763,54.9052],[-1.374,54.905],[-1.3732,54.905],[-1.3713,54.9053],[-1.3703,54.9041],[-1.3649,54.9053],[-1.3634,54.9053],[-1.364,54.9042]]]}},{"type":"Feature","properties":{"lsoa_code":"E01008837","lsoa_name":"Sunderland 003B"},"geometry":{"type":"Polygon","coordinates":[[[-1.4418,54.9329],[-1.4423,54.9311],[-1.4425,54.9312],[-1.4426,54.9304],[-1.4417,54.9304],[-1.4417,54.9299],[-1.4426,54.9298],[-1.4431,54.9295],[-1.4439,54.9304],[-1.4448,54.9304],[-1.4444,54.9289],[-1.4471,54.9288],[-1.4471,54.9279],[-1.4477,54.9279],[-1.4478,54.9275],[-1.4478,54.9273],[-1.4482,54.9274],[-1.4483,54.9276],[-1.4497,54.9279],[-1.4496,54.9285],[-1.4505,54.9288],[-1.4496,54.9293],[-1.4496,54.9297],[-1.4489,54.9301],[-1.4496,54.9303],[-1.4497,54.9312],[-1.451,54.9313],[-1.4521,54.9311],[-1.4525,54.9315],[-1.452,54.9338],[-1.4491,54.9341],[-1.4479,54.9335],[-1.442,54.9334],[-1.4418,54.9329]]]}},{"type":"Feature","properties":{"lsoa_code":"E01008838","lsoa_name":"Sunderland 003C"},"geometry":{"type":"Polygon","coordinates":[[[-1.4525,54.9315],[-1.4521,54.9311],[-1.451,54.9313],[-1.4497,54.9312],[-1.4496,54.9303],[-1.4489,54.9301],[-1.4496,54.9297],[-1.4496,54.9293],[-1.4505,54.9288],[-1.4496,54.9285],[-1.4497,54.9279],[-1.4483,54.9276],[-1.4482,54.9274],[-1.4485,54.9274],[-1.4509,54.9278],[-1.4524,54.928],[-1.4545,54.9283],[-1.4551,54.9281],[-1.4565,54.9284],[-1.4581,54.9283],[-1.4581,54.9291],[-1.458,54.9297],[-1.4587,54.9298],[-1.4583,54.9302],[-1.4564,54.931],[-1.4561,54.9315],[-1.4557,54.9312],[-1.4543,54.9316],[-1.4526,54.9337],[-1.452,54.9338],[-1.4525,54.9315]]]}},{"type":"Feature","properties":{"lsoa_code":"E01008839","lsoa_name":"Sunderland 003D"},"geometry":{"type":"Polygon","coordinates":[[[-1.4328,54.9329],[-1.4318,54.9299],[-1.4274,54.9309],[-1.4274,54.929],[-1.4282,54.9281],[-1.4296,54.9279],[-1.4307,54.9273],[-1.4304,54.9271],[-1.4307,54.9268],[-1.4311,54.9266],[-1.4322,54.9268],[-1.4334,54.9266],[-1.4347,54.9261],[-1.4354,54.9262],[-1.4367,54.9255],[-1.4366,54.9246],[-1.4371,54.9244],[-1.4374,54.9244],[-1.4379,54.9247],[-1.4386,54.9243],[-1.4375,54.9234],[-1.4406,54.9227],[-1.4441,54.9237],[-1.4453,54.9242],[-1.4425,54.9251],[-1.4422,54.9257],[-1.4414,54.925],[-1.44,54.9248],[-1.4387,54.9254],[-1.439,54.9258],[-1.4396,54.9263],[-1.4388,54.9265],[-1.4384,54.927],[-1.4372,54.9271],[-1.4371,54.9272],[-1.4371,54.9273],[-1.4374,54.9273],[-1.4379,54.9276],[-1.4375,54.9281],[-1.4379,54.9284],[-1.4387,54.928],[-1.4394,54.9285],[-1.4404,54.9284],[-1.4409,54.9288],[-1.4404,54.9294],[-1.4409,54.9297],[-1.4417,54.9299],[-1.4417,54.9304],[-1.4426,54.9304],[-1.4425,54.9312],[-1.4423,54.9311],[-1.4418,54.9329],[-1.4328,54.9329]]]}},{"type":"Feature","properties":{"lsoa_code":"E01008840","lsoa_name":"Sunderland 003E"},"geometry":{"type":"Polygon","coordinates":[[[-1.4543,54.9316],[-1.4557,54.9312],[-1.4561,54.9315],[-1.4564,54.931],[-1.4583,54.9302],[-1.4587,54.9298],[-1.458,54.9297],[-1.4581,54.9291],[-1.4581,54.9283],[-1.4592,54.9282],[-1.4596,54.9272],[-1.4615,54.9267],[-1.4612,54.9258],[-1.4629,54.9258],[-1.4657,54.9293],[-1.4664,54.9301],[-1.461,54.9303],[-1.4606,54.9303],[-1.4609,54.932],[-1.4568,54.9329],[-1.4526,54.9337],[-1.4543,54.9316]]]}},{"type":"Feature","properties":{"lsoa_code":"E01008841","lsoa_name":"Sunderland 003F"},"geometry":{"type":"Polygon","coordinates":[[[-1.4439,54.9304],[-1.4431,54.9295],[-1.4426,54.9298],[-1.4417,54.9299],[-1.4409,54.9297],[-1.4404,54.9294],[-1.4409,54.9288],[-1.4404,54.9284],[-1.4394,54.9285],[-1.4387,54.928],[-1.4379,54.9284],[-1.4375,54.9281],[-1.4379,54.9276],[-1.4374,54.9273],[-1.4371,54.9273],[-1.4371,54.9272],[-1.4372,54.9271],[-1.4384,54.927],[-1.4388,54.9265],[-1.4396,54.9263],[-1.439,54.9258],[-1.4387,54.9254],[-1.44,54.9248],[-1.4414,54.925],[-1.4422,54.9257],[-1.4425,54.9251],[-1.4453,54.9242],[-1.4476,54.925],[-1.4484,54.9252],[-1.4478,54.9273],[-1.4478,54.9275],[-1.4477,54.9279],[-1.4471,54.9279],[-1.4471,54.9288],[-1.4444,54.9289],[-1.4448,54.9304],[-1.4439,54.9304]]]}},{"type":"Feature","properties":{"lsoa_code":"E01008842","lsoa_name":"Sunderland 004F"},"geometry":{"type":"Polygon","coordinates":[[[-1.4307,54.9268],[-1.4311,54.9264],[-1.4306,54.9259],[-1.4293,54.9247],[-1.4279,54.924],[-1.4282,54.9223],[-1.4303,54.9222],[-1.4359,54.922],[-1.4406,54.9227],[-1.4375,54.9234],[-1.4386,54.9243],[-1.4379,54.9247],[-1.4374,54.9244],[-1.4371,54.9244],[-1.4366,54.9246],[-1.4367,54.9255],[-1.4354,54.9262],[-1.4347,54.9261],[-1.4334,54.9266],[-1.4322,54.9268],[-1.4311,54.9266],[-1.4307,54.9268]]]}},{"type":"Feature","properties":{"lsoa_code":"E01008843","lsoa_name":"Sunderland 019A"},"geometry":{"type":"Polygon","coordinates":[[[-1.5236,54.8981],[-1.5236,54.8976],[-1.5231,54.8978],[-1.5209,54.8964],[-1.5208,54.8961],[-1.5206,54.8944],[-1.5189,54.8943],[-1.5186,54.895],[-1.518,54.8948],[-1.5179,54.8951],[-1.5182,54.8941],[-1.5167,54.894],[-1.5167,54.8935],[-1.5139,54.8932],[-1.5134,54.893],[-1.5135,54.8927],[-1.5119,54.8925],[-1.5107,54.8917],[-1.5147,54.8906],[-1.5149,54.8906],[-1.5192,54.8899],[-1.5223,54.8894],[-1.5228,54.8906],[-1.523,54.891],[-1.5208,54.8911],[-1.5203,54.8926],[-1.5223,54.8923],[-1.5233,54.8917],[-1.5239,54.8923],[-1.5231,54.893],[-1.5239,54.8932],[-1.5251,54.8929],[-1.5259,54.8939],[-1.5251,54.8942],[-1.5246,54.8944],[-1.525,54.8949],[-1.524,54.8949],[-1.523,54.8957],[-1.5228,54.8962],[-1.5235,54.8961],[-1.5241,54.8972],[-1.5244,54.8979],[-1.5236,54.8981]]]}},{"type":"Feature","properties":{"lsoa_code":"E01008844","lsoa_name":"Sunderland 019B"},"geometry":{"type":"Polygon","coordinates":[[[-1.5133,54.9048],[-1.5141,54.9029],[-1.517,54.9034],[-1.5182,54.9032],[-1.5176,54.903],[-1.5202,54.9017],[-1.5204,54.901],[-1.5217,54.9017],[-1.5234,54.9021],[-1.5245,54.9018],[-1.5253,54.9022],[-1.5263,54.9016],[-1.5269,54.9017],[-1.5275,54.9013],[-1.5276,54.9016],[-1.5279,54.9013],[-1.5291,54.9016],[-1.5285,54.9025],[-1.5286,54.903],[-1.5344,54.9016],[-1.535,54.9023],[-1.5365,54.902],[-1.5373,54.9014],[-1.5369,54.9006],[-1.5377,54.9007],[-1.5383,54.9019],[-1.5367,54.9023],[-1.5307,54.9046],[-1.5296,54.905],[-1.5282,54.9054],[-1.5257,54.9059],[-1.5246,54.9061],[-1.5202,54.9061],[-1.52,54.906],[-1.5192,54.906],[-1.5148,54.9056],[-1.5143,54.9049],[-1.5133,54.9048]]]}},{"type":"Feature","properties":{"lsoa_code":"E01008845","lsoa_name":"Sunderland 017A"},"geometry":{"type":"Polygon","coordinates":[[[-1.5062,54.9045],[-1.508,54.9039],[-1.5083,54.9043],[-1.5096,54.9043],[-1.5096,54.904],[-1.5107,54.9039],[-1.5094,54.9031],[-1.5095,54.9027],[-1.5108,54.9028],[-1.5098,54.9016],[-1.5088,54.9013],[-1.5085,54.9006],[-1.5071,54.8999],[-1.5064,54.8993],[-1.5067,54.8987],[-1.5078,54.8987],[-1.5071,54.8968],[-1.5064,54.8968],[-1.5062,54.8953],[-1.5069,54.8954],[-1.5071,54.8949],[-1.5084,54.8951],[-1.5086,54.8944],[-1.5097,54.8944],[-1.51,54.8948],[-1.5095,54.8956],[-1.5086,54.8954],[-1.5084,54.8957],[-1.51,54.896],[-1.5107,54.8964],[-1.5111,54.8963],[-1.5122,54.8973],[-1.5124,54.8971],[-1.5129,54.8972],[-1.5133,54.8972],[-1.5142,54.8992],[-1.517,54.8996],[-1.5182,54.8989],[-1.5188,54.8992],[-1.5196,54.8987],[-1.5223,54.8994],[-1.5233,54.9009],[-1.5217,54.9017],[-1.5204,54.901],[-1.5202,54.9017],[-1.5176,54.903],[-1.5182,54.9032],[-1.517,54.9034],[-1.5141,54.9029],[-1.5133,54.9048],[-1.5143,54.9049],[-1.5148,54.9056],[-1.5081,54.9055],[-1.5083,54.9051],[-1.5069,54.905],[-1.5062,54.9045]]]}},{"type":"Feature","properties":{"lsoa_code":"E01008846","lsoa_name":"Sunderland 017B"},"geometry":{"type":"Polygon","coordinates":[[[-1.5028,54.9042],[-1.5013,54.9034],[-1.5014,54.9029],[-1.503,54.903],[-1.5031,54.9026],[-1.5026,54.9023],[-1.5033,54.9023],[-1.504,54.9021],[-1.5041,54.9015],[-1.503,54.9017],[-1.5028,54.901],[-1.5032,54.901],[-1.5047,54.9012],[-1.5061,54.9006],[-1.5054,54.9001],[-1.5072,54.9002],[-1.5071,54.8999],[-1.5085,54.9006],[-1.5088,54.9013],[-1.5098,54.9016],[-1.5108,54.9028],[-1.5095,54.9027],[-1.5094,54.9031],[-1.5107,54.9039],[-1.5096,54.904],[-1.5096,54.9043],[-1.5083,54.9043],[-1.508,54.9039],[-1.5062,54.9045],[-1.5069,54.905],[-1.5083,54.9051],[-1.5081,54.9055],[-1.5064,54.9055],[-1.5036,54.9055],[-1.5022,54.9055],[-1.5017,54.905],[-1.5027,54.9049],[-1.5028,54.9042]]]}},{"type":"Feature","properties":{"lsoa_code":"E01008847","lsoa_name":"Sunderland 017C"},"geometry":{"type":"Polygon","coordinates":[[[-1.4994,54.9047],[-1.4993,54.9026],[-1.4995,54.9018],[-1.5005,54.8991],[-1.5039,54.8995],[-1.5052,54.8993],[-1.5052,54.8991],[-1.5065,54.8987],[-1.5067,54.8987],[-1.5064,54.8993],[-1.5071,54.8999],[-1.5072,54.9002],[-1.5054,54.9001],[-1.5061,54.9006],[-1.5047,54.9012],[-1.5032,54.901],[-1.5028,54.901],[-1.503,54.9017],[-1.5041,54.9015],[-1.504,54.9021],[-1.5033,54.9023],[-1.5026,54.9023],[-1.5031,54.9026],[-1.503,54.903],[-1.5014,54.9029],[-1.5013,54.9034],[-1.5028,54.9042],[-1.5027,54.9049],[-1.5017,54.905],[-1.5002,54.9051],[-1.4994,54.9047]]]}},{"type":"Feature","properties":{"lsoa_code":"E01008848","lsoa_name":"Sunderland 019C"},"geometry":{"type":"Polygon","coordinates":[[[-1.5285,54.9025],[-1.5291,54.9016],[-1.5294,54.9008],[-1.529,54.8999],[-1.5281,54.8986],[-1.5277,54.8977],[-1.5267,54.8975],[-1.5248,54.8974],[-1.5247,54.8971],[-1.5241,54.8972],[-1.5235,54.8961],[-1.5228,54.8962],[-1.523,54.8957],[-1.524,54.8949],[-1.525,54.8949],[-1.5246,54.8944],[-1.5251,54.8942],[-1.5259,54.8939],[-1.5251,54.8929],[-1.5239,54.8932],[-1.5231,54.893],[-1.5239,54.8923],[-1.5233,54.8917],[-1.5223,54.8923],[-1.5203,54.8926],[-1.5208,54.8911],[-1.523,54.891],[-1.5228,54.8906],[-1.5223,54.8894],[-1.5292,54.8885],[-1.5305,54.8875],[-1.5327,54.8908],[-1.5332,54.8918],[-1.5357,54.8967],[-1.5369,54.899],[-1.5377,54.9007],[-1.5369,54.9006],[-1.5373,54.9014],[-1.5365,54.902],[-1.535,54.9023],[-1.5344,54.9016],[-1.5286,54.903],[-1.5285,54.9025]]]}},{"type":"Feature","properties":{"lsoa_code":"E01008849","lsoa_name":"Sunderland 019D"},"geometry":{"type":"Polygon","coordinates":[[[-1.5253,54.9022],[-1.5245,54.9018],[-1.5234,54.9021],[-1.5217,54.9017],[-1.5233,54.9009],[-1.5223,54.8994],[-1.5235,54.8991],[-1.523,54.8986],[-1.5236,54.8981],[-1.5244,54.8979],[-1.5241,54.8972],[-1.5247,54.8971],[-1.5248,54.8974],[-1.5267,54.8975],[-1.5277,54.8977],[-1.5281,54.8986],[-1.529,54.8999],[-1.5294,54.9008],[-1.5291,54.9016],[-1.5279,54.9013],[-1.5276,54.9016],[-1.5275,54.9013],[-1.5269,54.9017],[-1.5263,54.9016],[-1.5253,54.9022]]]}},{"type":"Feature","properties":{"lsoa_code":"E01008850","lsoa_name":"Sunderland 017D"},"geometry":{"type":"Polygon","coordinates":[[[-1.4606,54.9078],[-1.4584,54.9046],[-1.4596,54.9035],[-1.4595,54.9004],[-1.4606,54.899],[-1.4617,54.8986],[-1.463,54.8991],[-1.4642,54.9017],[-1.4667,54.9037],[-1.4701,54.904],[-1.4735,54.9036],[-1.4748,54.9028],[-1.4772,54.8996],[-1.4812,54.8959],[-1.4862,54.8931],[-1.4939,54.8911],[-1.4969,54.8884],[-1.5013,54.8871],[-1.5032,54.8848],[-1.5039,54.885],[-1.5071,54.8862],[-1.5087,54.888],[-1.5087,54.8893],[-1.5081,54.8905],[-1.508,54.8906],[-1.5079,54.8909],[-1.5083,54.8906],[-1.5117,54.8891],[-1.5158,54.8878],[-1.5219,54.8865],[-1.5287,54.885],[-1.5288,54.885],[-1.5305,54.8875],[-1.5292,54.8885],[-1.5223,54.8894],[-1.5192,54.8899],[-1.5149,54.8906],[-1.5147,54.8906],[-1.5107,54.8917],[-1.5097,54.8923],[-1.5077,54.8939],[-1.5063,54.8923],[-1.5048,54.8937],[-1.5035,54.8935],[-1.5022,54.8954],[-1.5029,54.8956],[-1.5025,54.8959],[-1.5035,54.8962],[-1.5056,54.8968],[-1.5064,54.8968],[-1.5071,54.8968],[-1.5078,54.8987],[-1.5067,54.8987],[-1.5065,54.8987],[-1.5052,54.8991],[-1.5052,54.8993],[-1.5039,54.8995],[-1.5005,54.8991],[-1.4995,54.9018],[-1.4993,54.9026],[-1.4994,54.9047],[-1.5002,54.9051],[-1.5017,54.905],[-1.5022,54.9055],[-1.4901,54.9057],[-1.4823,54.9061],[-1.4709,54.9074],[-1.461,54.9092],[-1.4606,54.9078]]]}},{"type":"Feature","properties":{"lsoa_code":"E01008851","lsoa_name":"Sunderland 017E"},"geometry":{"type":"Polygon","coordinates":[[[-1.5166,54.8962],[-1.5141,54.8954],[-1.5136,54.8959],[-1.5129,54.8972],[-1.5124,54.8971],[-1.5122,54.8973],[-1.5111,54.8963],[-1.5107,54.8964],[-1.51,54.896],[-1.5084,54.8957],[-1.5086,54.8954],[-1.5095,54.8956],[-1.51,54.8948],[-1.5097,54.8944],[-1.5086,54.8944],[-1.5084,54.8951],[-1.5071,54.8949],[-1.5069,54.8954],[-1.5062,54.8953],[-1.5064,54.8968],[-1.5056,54.8968],[-1.5035,54.8962],[-1.5025,54.8959],[-1.5029,54.8956],[-1.5022,54.8954],[-1.5035,54.8935],[-1.5048,54.8937],[-1.5063,54.8923],[-1.5077,54.8939],[-1.5097,54.8923],[-1.5107,54.8917],[-1.5119,54.8925],[-1.5135,54.8927],[-1.5134,54.893],[-1.5139,54.8932],[-1.5167,54.8935],[-1.5167,54.894],[-1.5182,54.8941],[-1.5179,54.8951],[-1.5174,54.8953],[-1.5157,54.895],[-1.5156,54.8953],[-1.5172,54.896],[-1.5175,54.8974],[-1.5171,54.8975],[-1.5163,54.8971],[-1.5166,54.8962]]]}},{"type":"Feature","properties":{"lsoa_code":"E01008852","lsoa_name":"Sunderland 019E"},"geometry":{"type":"Polygon","coordinates":[[[-1.5142,54.8992],[-1.5133,54.8972],[-1.5129,54.8972],[-1.5136,54.8959],[-1.5141,54.8954],[-1.5166,54.8962],[-1.5163,54.8971],[-1.5171,54.8975],[-1.5175,54.8974],[-1.5172,54.896],[-1.5156,54.8953],[-1.5157,54.895],[-1.5174,54.8953],[-1.5179,54.8951],[-1.518,54.8948],[-1.5186,54.895],[-1.5189,54.8943],[-1.5206,54.8944],[-1.5208,54.8961],[-1.5209,54.8964],[-1.5231,54.8978],[-1.5236,54.8976],[-1.5236,54.8981],[-1.523,54.8986],[-1.5235,54.8991],[-1.5223,54.8994],[-1.5196,54.8987],[-1.5188,54.8992],[-1.5182,54.8989],[-1.517,54.8996],[-1.5142,54.8992]]]}},{"type":"Feature","properties":{"lsoa_code":"E01008853","lsoa_name":"Sunderland 009A"},"geometry":{"type":"Polygon","coordinates":[[[-1.5179,54.9151],[-1.5168,54.9129],[-1.5183,54.913],[-1.5185,54.9126],[-1.5188,54.9116],[-1.52,54.9116],[-1.5201,54.9108],[-1.5188,54.9111],[-1.5172,54.9109],[-1.5166,54.9109],[-1.5166,54.9115],[-1.5145,54.9114],[-1.5127,54.9116],[-1.5127,54.9089],[-1.5112,54.909],[-1.5079,54.9069],[-1.5071,54.907],[-1.5064,54.9055],[-1.5081,54.9055],[-1.5148,54.9056],[-1.5192,54.906],[-1.52,54.906],[-1.5202,54.9061],[-1.5246,54.9061],[-1.5257,54.9059],[-1.5265,54.9065],[-1.5267,54.9075],[-1.5267,54.9076],[-1.5267,54.9078],[-1.5222,54.9109],[-1.5222,54.9113],[-1.5242,54.9115],[-1.523,54.9124],[-1.5245,54.9125],[-1.5252,54.9128],[-1.5223,54.9128],[-1.5207,54.9142],[-1.5204,54.9144],[-1.5181,54.9161],[-1.5172,54.9161],[-1.5169,54.9162],[-1.5164,54.9153],[-1.5179,54.9151]]]}},{"type":"Feature","properties":{"lsoa_code":"E01008854","lsoa_name":"Sunderland 009B"},"geometry":{"type":"Polygon","coordinates":[[[-1.5064,54.9146],[-1.5067,54.9137],[-1.5072,54.9135],[-1.5081,54.9134],[-1.5083,54.9137],[-1.5105,54.9133],[-1.5112,54.9118],[-1.5127,54.9116],[-1.5145,54.9114],[-1.5166,54.9115],[-1.5166,54.9109],[-1.5172,54.9109],[-1.5188,54.9111],[-1.5201,54.9108],[-1.52,54.9116],[-1.5188,54.9116],[-1.5185,54.9126],[-1.5183,54.913],[-1.5168,54.9129],[-1.5179,54.9151],[-1.5164,54.9153],[-1.5149,54.9154],[-1.5138,54.9138],[-1.5127,54.9141],[-1.5113,54.9141],[-1.5112,54.9147],[-1.511,54.9153],[-1.5114,54.9154],[-1.5116,54.9158],[-1.5104,54.916],[-1.5095,54.916],[-1.508,54.9156],[-1.5078,54.9155],[-1.5076,54.9154],[-1.5064,54.9146]]]}},{"type":"Feature","properties":{"lsoa_code":"E01008855","lsoa_name":"Sunderland 007A"},"geometry":{"type":"Polygon","coordinates":[[[-1.519,54.9311],[-1.5172,54.9308],[-1.5156,54.9311],[-1.5145,54.9317],[-1.5121,54.9321],[-1.5112,54.9317],[-1.5106,54.9308],[-1.5083,54.9304],[-1.5052,54.931],[-1.5003,54.9306],[-1.4963,54.9311],[-1.4924,54.9302],[-1.4886,54.9306],[-1.4851,54.9287],[-1.4832,54.9284],[-1.482,54.9288],[-1.481,54.9298],[-1.472,54.9298],[-1.4664,54.9301],[-1.4657,54.9293],[-1.4629,54.9258],[-1.4608,54.9217],[-1.4604,54.9201],[-1.46,54.916],[-1.461,54.9092],[-1.4709,54.9074],[-1.4823,54.9061],[-1.4901,54.9057],[-1.5022,54.9055],[-1.5036,54.9055],[-1.5024,54.9073],[-1.5034,54.9119],[-1.5029,54.9132],[-1.5034,54.9135],[-1.5035,54.9151],[-1.5043,54.9173],[-1.505,54.918],[-1.5066,54.9181],[-1.506,54.9168],[-1.5075,54.9166],[-1.5095,54.916],[-1.5104,54.916],[-1.5116,54.9158],[-1.5114,54.9154],[-1.511,54.9153],[-1.5112,54.9147],[-1.5113,54.9141],[-1.5127,54.9141],[-1.5138,54.9138],[-1.5149,54.9154],[-1.5164,54.9153],[-1.5169,54.9162],[-1.5171,54.9178],[-1.5177,54.9203],[-1.5187,54.924],[-1.5193,54.925],[-1.5212,54.9276],[-1.5274,54.9331],[-1.5247,54.9331],[-1.519,54.9311]]]}},{"type":"Feature","properties":{"lsoa_code":"E01008856","lsoa_name":"Sunderland 007B"},"geometry":{"type":"Polygon","coordinates":[[[-1.5187,54.924],[-1.5177,54.9203],[-1.5171,54.9178],[-1.5221,54.9173],[-1.5222,54.9179],[-1.5239,54.918],[-1.5259,54.9183],[-1.5262,54.9181],[-1.5271,54.9185],[-1.5278,54.9188],[-1.5271,54.9199],[-1.5247,54.9197],[-1.5249,54.9211],[-1.5249,54.9214],[-1.525,54.9216],[-1.5257,54.9216],[-1.5262,54.921],[-1.5288,54.9207],[-1.5304,54.9207],[-1.53,54.9223],[-1.5255,54.9242],[-1.5195,54.9248],[-1.5193,54.925],[-1.5187,54.924]]]}},{"type":"Feature","properties":{"lsoa_code":"E01008857","lsoa_name":"Sunderland 009C"},"geometry":{"type":"Polygon","coordinates":[[[-1.53,54.9223],[-1.5304,54.9207],[-1.5288,54.9207],[-1.5262,54.921],[-1.5257,54.9216],[-1.525,54.9216],[-1.5249,54.9214],[-1.5249,54.9211],[-1.5247,54.9197],[-1.5271,54.9199],[-1.5278,54.9188],[-1.5271,54.9185],[-1.5262,54.9181],[-1.5259,54.9183],[-1.5239,54.918],[-1.5222,54.9179],[-1.5221,54.9173],[-1.5237,54.9173],[-1.5242,54.9167],[-1.5245,54.9163],[-1.5249,54.9163],[-1.527,54.9167],[-1.5268,54.9169],[-1.5279,54.9169],[-1.529,54.9171],[-1.5292,54.9163],[-1.5336,54.9164],[-1.5336,54.9171],[-1.531,54.9172],[-1.531,54.9178],[-1.531,54.919],[-1.5311,54.9205],[-1.5315,54.9205],[-1.5321,54.922],[-1.53,54.9223]]]}},{"type":"Feature","properties":{"lsoa_code":"E01008858","lsoa_name":"Sunderland 009D"},"geometry":{"type":"Polygon","coordinates":[[[-1.5171,54.9178],[-1.5169,54.9162],[-1.5172,54.9161],[-1.5181,54.9161],[-1.5204,54.9144],[-1.5207,54.9142],[-1.5223,54.9128],[-1.5252,54.9128],[-1.5253,54.9128],[-1.5254,54.9135],[-1.5255,54.9145],[-1.5266,54.9151],[-1.5294,54.915],[-1.5293,54.9158],[-1.5292,54.9163],[-1.529,54.9171],[-1.5279,54.9169],[-1.5268,54.9169],[-1.527,54.9167],[-1.5249,54.9163],[-1.5245,54.9163],[-1.5242,54.9167],[-1.5237,54.9173],[-1.5221,54.9173],[-1.5171,54.9178]]]}},{"type":"Feature","properties":{"lsoa_code":"E01008859","lsoa_name":"Sunderland 009E"},"geometry":{"type":"Polygon","coordinates":[[[-1.5034,54.9135],[-1.5029,54.9132],[-1.5034,54.9119],[-1.5024,54.9073],[-1.5036,54.9055],[-1.5064,54.9055],[-1.5071,54.907],[-1.5079,54.9069],[-1.5112,54.909],[-1.5127,54.9089],[-1.5127,54.9116],[-1.5112,54.9118],[-1.5105,54.9133],[-1.5083,54.9137],[-1.5081,54.9134],[-1.5072,54.9135],[-1.5067,54.9137],[-1.5064,54.9146],[-1.5076,54.9154],[-1.5078,54.9155],[-1.508,54.9156],[-1.5095,54.916],[-1.5075,54.9166],[-1.506,54.9168],[-1.5066,54.9181],[-1.505,54.918],[-1.5043,54.9173],[-1.5035,54.9151],[-1.5034,54.9135]]]}},{"type":"Feature","properties":{"lsoa_code":"E01008860","lsoa_name":"Sunderland 009F"},"geometry":{"type":"Polygon","coordinates":[[[-1.5293,54.9158],[-1.5294,54.915],[-1.5266,54.9151],[-1.5255,54.9145],[-1.5254,54.9135],[-1.5253,54.9128],[-1.5252,54.9128],[-1.5245,54.9125],[-1.523,54.9124],[-1.5242,54.9115],[-1.5222,54.9113],[-1.5222,54.9109],[-1.5267,54.9078],[-1.5268,54.9092],[-1.5287,54.909],[-1.5306,54.9093],[-1.5306,54.9098],[-1.5305,54.913],[-1.5327,54.913],[-1.5351,54.9131],[-1.5351,54.9134],[-1.5348,54.9153],[-1.5346,54.9169],[-1.5345,54.9172],[-1.5336,54.9171],[-1.5336,54.9164],[-1.5292,54.9163],[-1.5293,54.9158]]]}},{"type":"Feature","properties":{"lsoa_code":"E01008861","lsoa_name":"Sunderland 025B"},"geometry":{"type":"Polygon","coordinates":[[[-1.5158,54.8878],[-1.5157,54.8877],[-1.5142,54.8877],[-1.5134,54.8873],[-1.5154,54.8868],[-1.515,54.8865],[-1.5153,54.886],[-1.5141,54.8852],[-1.5155,54.8841],[-1.5158,54.8827],[-1.5172,54.882],[-1.5155,54.8814],[-1.5153,54.8802],[-1.5177,54.8789],[-1.5182,54.8789],[-1.5179,54.8788],[-1.5191,54.8779],[-1.5199,54.876],[-1.5217,54.876],[-1.5233,54.8764],[-1.5237,54.8776],[-1.5223,54.8784],[-1.523,54.8786],[-1.5214,54.8808],[-1.5224,54.8811],[-1.5235,54.8811],[-1.5261,54.8807],[-1.5263,54.8802],[-1.5269,54.8812],[-1.5287,54.885],[-1.5219,54.8865],[-1.5158,54.8878]]]}},{"type":"Feature","properties":{"lsoa_code":"E01008862","lsoa_name":"Sunderland 025C"},"geometry":{"type":"Polygon","coordinates":[[[-1.5087,54.888],[-1.5071,54.8862],[-1.5039,54.885],[-1.5032,54.8848],[-1.5045,54.8829],[-1.5066,54.881],[-1.5079,54.881],[-1.5111,54.8815],[-1.5131,54.8811],[-1.5153,54.8802],[-1.5155,54.8814],[-1.5172,54.882],[-1.5158,54.8827],[-1.5155,54.8841],[-1.5141,54.8852],[-1.5153,54.886],[-1.515,54.8865],[-1.5154,54.8868],[-1.5134,54.8873],[-1.5142,54.8877],[-1.5157,54.8877],[-1.5158,54.8878],[-1.5117,54.8891],[-1.5083,54.8906],[-1.5079,54.8909],[-1.508,54.8906],[-1.5081,54.8905],[-1.5087,54.8893],[-1.5087,54.888]]]}},{"type":"Feature","properties":{"lsoa_code":"E01008863","lsoa_name":"Sunderland 025D"},"geometry":{"type":"Polygon","coordinates":[[[-1.5372,54.8815],[-1.5364,54.8813],[-1.537,54.8795],[-1.5368,54.8793],[-1.5362,54.8795],[-1.5361,54.88],[-1.5347,54.88],[-1.5336,54.8794],[-1.5326,54.8796],[-1.5321,54.8795],[-1.532,54.8792],[-1.5286,54.8792],[-1.5289,54.8798],[-1.5317,54.881],[-1.5315,54.8812],[-1.5307,54.881],[-1.5303,54.8815],[-1.53,54.881],[-1.5269,54.8812],[-1.5263,54.8802],[-1.5261,54.8807],[-1.5235,54.8811],[-1.5224,54.8811],[-1.5214,54.8808],[-1.523,54.8786],[-1.5223,54.8784],[-1.5237,54.8776],[-1.5233,54.8764],[-1.5256,54.8776],[-1.5274,54.877],[-1.529,54.8774],[-1.53,54.8771],[-1.5308,54.8779],[-1.5319,54.8782],[-1.5328,54.8778],[-1.5331,54.8767],[-1.5337,54.8762],[-1.5361,54.8747],[-1.5375,54.8744],[-1.5389,54.8754],[-1.5416,54.8735],[-1.553,54.8759],[-1.5485,54.8767],[-1.5488,54.8777],[-1.5482,54.8787],[-1.5492,54.8795],[-1.5466,54.8804],[-1.5456,54.8807],[-1.5434,54.8814],[-1.5426,54.8814],[-1.5426,54.8819],[-1.5418,54.882],[-1.5405,54.8825],[-1.5385,54.8821],[-1.5371,54.8819],[-1.5372,54.8815]]]}},{"type":"Feature","properties":{"lsoa_code":"E01008864","lsoa_name":"Sunderland 025E"},"geometry":{"type":"Polygon","coordinates":[[[-1.5513,54.8849],[-1.5511,54.8846],[-1.5497,54.8848],[-1.5491,54.8848],[-1.5485,54.8837],[-1.5476,54.8837],[-1.5473,54.8827],[-1.5509,54.8823],[-1.5507,54.8816],[-1.5494,54.8806],[-1.5506,54.88],[-1.5502,54.8798],[-1.5485,54.8807],[-1.5481,54.8803],[-1.547,54.8806],[-1.5466,54.8804],[-1.5492,54.8795],[-1.5482,54.8787],[-1.5488,54.8777],[-1.5485,54.8767],[-1.553,54.8759],[-1.5569,54.8758],[-1.5618,54.8757],[-1.5619,54.8774],[-1.5624,54.8778],[-1.5604,54.8799],[-1.5594,54.882],[-1.5587,54.8842],[-1.5571,54.8847],[-1.5575,54.8844],[-1.5555,54.8841],[-1.5523,54.8845],[-1.5521,54.8848],[-1.5513,54.8849]]]}},{"type":"Feature","properties":{"lsoa_code":"E01008865","lsoa_name":"Sunderland 025F"},"geometry":{"type":"Polygon","coordinates":[[[-1.5327,54.8908],[-1.5305,54.8875],[-1.5288,54.885],[-1.5287,54.885],[-1.5269,54.8812],[-1.53,54.881],[-1.5303,54.8815],[-1.5307,54.881],[-1.5315,54.8812],[-1.5317,54.881],[-1.5289,54.8798],[-1.5286,54.8792],[-1.532,54.8792],[-1.5321,54.8795],[-1.5326,54.8796],[-1.5336,54.8794],[-1.5347,54.88],[-1.5361,54.88],[-1.5362,54.8795],[-1.5368,54.8793],[-1.537,54.8795],[-1.5364,54.8813],[-1.5372,54.8815],[-1.5371,54.8819],[-1.5385,54.8821],[-1.5384,54.8827],[-1.5376,54.8828],[-1.5372,54.8835],[-1.5374,54.8849],[-1.5388,54.8848],[-1.5391,54.886],[-1.5397,54.8873],[-1.5392,54.8876],[-1.5393,54.8881],[-1.5402,54.8882],[-1.5404,54.889],[-1.5406,54.8894],[-1.539,54.8901],[-1.5385,54.8899],[-1.5373,54.8893],[-1.5373,54.8881],[-1.5347,54.8882],[-1.5347,54.8888],[-1.5337,54.8894],[-1.5343,54.8902],[-1.5342,54.8916],[-1.5332,54.8918],[-1.5327,54.8908]]]}},{"type":"Feature","properties":{"lsoa_code":"E01008866","lsoa_name":"Sunderland 025G"},"geometry":{"type":"Polygon","coordinates":[[[-1.5393,54.8881],[-1.5392,54.8876],[-1.5397,54.8873],[-1.5391,54.886],[-1.5388,54.8848],[-1.5374,54.8849],[-1.5372,54.8835],[-1.5376,54.8828],[-1.5384,54.8827],[-1.5385,54.8821],[-1.5405,54.8825],[-1.5418,54.882],[-1.5426,54.8819],[-1.5426,54.8814],[-1.5434,54.8814],[-1.5456,54.8807],[-1.5466,54.8804],[-1.547,54.8806],[-1.5481,54.8803],[-1.5485,54.8807],[-1.5502,54.8798],[-1.5506,54.88],[-1.5494,54.8806],[-1.5507,54.8816],[-1.5509,54.8823],[-1.5473,54.8827],[-1.5476,54.8837],[-1.5485,54.8837],[-1.5491,54.8848],[-1.5497,54.8848],[-1.5496,54.8853],[-1.5502,54.8852],[-1.5505,54.8856],[-1.5501,54.886],[-1.5505,54.8863],[-1.5486,54.8867],[-1.549,54.8884],[-1.5484,54.8888],[-1.5473,54.8888],[-1.5466,54.8882],[-1.5454,54.8878],[-1.5424,54.8882],[-1.5415,54.8885],[-1.5404,54.889],[-1.5402,54.8882],[-1.5393,54.8881]]]}},{"type":"Feature","properties":{"lsoa_code":"E01008867","lsoa_name":"Sunderland 020A"},"geometry":{"type":"Polygon","coordinates":[[[-1.5369,54.899],[-1.5357,54.8967],[-1.5332,54.8918],[-1.5342,54.8916],[-1.5359,54.8917],[-1.5371,54.8924],[-1.5371,54.8932],[-1.5367,54.8934],[-1.5378,54.8953],[-1.5418,54.8935],[-1.5397,54.8957],[-1.541,54.8963],[-1.5418,54.8983],[-1.5426,54.8982],[-1.5437,54.8984],[-1.5437,54.8999],[-1.5431,54.9007],[-1.5441,54.9008],[-1.5439,54.9011],[-1.5429,54.9012],[-1.5413,54.9015],[-1.5383,54.9019],[-1.5377,54.9007],[-1.5369,54.899]]]}},{"type":"Feature","properties":{"lsoa_code":"E01008868","lsoa_name":"Sunderland 020B"},"geometry":{"type":"Polygon","coordinates":[[[-1.5496,54.8986],[-1.5473,54.8981],[-1.5467,54.8985],[-1.5458,54.8985],[-1.5453,54.898],[-1.5457,54.897],[-1.5451,54.8965],[-1.5452,54.8957],[-1.5464,54.8947],[-1.5462,54.894],[-1.547,54.8934],[-1.5503,54.8938],[-1.5518,54.8927],[-1.5528,54.8925],[-1.5539,54.8936],[-1.5529,54.8945],[-1.5535,54.8954],[-1.5533,54.8962],[-1.5528,54.897],[-1.552,54.8986],[-1.5499,54.8981],[-1.5496,54.8986]]]}},{"type":"Feature","properties":{"lsoa_code":"E01008869","lsoa_name":"Sunderland 020C"},"geometry":{"type":"Polygon","coordinates":[[[-1.5437,54.8999],[-1.5437,54.8984],[-1.5426,54.8982],[-1.5418,54.8983],[-1.541,54.8963],[-1.5397,54.8957],[-1.5418,54.8935],[-1.5423,54.8929],[-1.5424,54.8929],[-1.5431,54.8925],[-1.5457,54.8931],[-1.547,54.8934],[-1.5462,54.894],[-1.5464,54.8947],[-1.5452,54.8957],[-1.5451,54.8965],[-1.5457,54.897],[-1.5453,54.898],[-1.5458,54.8985],[-1.5467,54.8985],[-1.5473,54.8981],[-1.5496,54.8986],[-1.5499,54.8981],[-1.552,54.8986],[-1.5516,54.8992],[-1.5536,54.8998],[-1.5537,54.9005],[-1.5489,54.901],[-1.5439,54.9011],[-1.5441,54.9008],[-1.5431,54.9007],[-1.5437,54.8999]]]}},{"type":"Feature","properties":{"lsoa_code":"E01008870","lsoa_name":"Sunderland 020D"},"geometry":{"type":"Polygon","coordinates":[[[-1.5457,54.8931],[-1.5431,54.8925],[-1.5424,54.8929],[-1.542,54.892],[-1.5397,54.8908],[-1.5399,54.8906],[-1.5392,54.8909],[-1.5384,54.8903],[-1.5385,54.8899],[-1.539,54.8901],[-1.5406,54.8894],[-1.5404,54.889],[-1.5415,54.8885],[-1.5424,54.8882],[-1.5454,54.8878],[-1.5466,54.8882],[-1.5473,54.8888],[-1.5476,54.8893],[-1.5482,54.8902],[-1.5492,54.8924],[-1.5506,54.8925],[-1.5507,54.8918],[-1.5515,54.8915],[-1.5528,54.8925],[-1.5518,54.8927],[-1.5503,54.8938],[-1.547,54.8934],[-1.5457,54.8931]]]}},{"type":"Feature","properties":{"lsoa_code":"E01008871","lsoa_name":"Sunderland 020E"},"geometry":{"type":"Polygon","coordinates":[[[-1.5342,54.8916],[-1.5343,54.8902],[-1.5337,54.8894],[-1.5347,54.8888],[-1.5347,54.8882],[-1.5373,54.8881],[-1.5373,54.8893],[-1.5385,54.8899],[-1.5384,54.8903],[-1.5392,54.8909],[-1.5399,54.8906],[-1.5397,54.8908],[-1.542,54.892],[-1.5424,54.8929],[-1.5423,54.8929],[-1.5418,54.8935],[-1.5378,54.8953],[-1.5367,54.8934],[-1.5371,54.8932],[-1.5371,54.8924],[-1.5359,54.8917],[-1.5342,54.8916]]]}},{"type":"Feature","properties":{"lsoa_code":"E01008872","lsoa_name":"Sunderland 020F"},"geometry":{"type":"Polygon","coordinates":[[[-1.5528,54.8925],[-1.5515,54.8915],[-1.5507,54.8918],[-1.5506,54.8925],[-1.5492,54.8924],[-1.5482,54.8902],[-1.5476,54.8893],[-1.5473,54.8888],[-1.5484,54.8888],[-1.549,54.8884],[-1.5486,54.8867],[-1.5505,54.8863],[-1.5501,54.886],[-1.5505,54.8856],[-1.5502,54.8852],[-1.5496,54.8853],[-1.5497,54.8848],[-1.5511,54.8846],[-1.5513,54.8849],[-1.5521,54.8848],[-1.5523,54.8845],[-1.5555,54.8841],[-1.5575,54.8844],[-1.5571,54.8847],[-1.5561,54.8848],[-1.5561,54.8852],[-1.5578,54.8855],[-1.5586,54.8863],[-1.5585,54.8882],[-1.5572,54.8882],[-1.5571,54.891],[-1.5583,54.8911],[-1.5583,54.8914],[-1.5586,54.8942],[-1.5585,54.8959],[-1.5584,54.9003],[-1.5537,54.9005],[-1.5536,54.8998],[-1.5516,54.8992],[-1.552,54.8986],[-1.5528,54.897],[-1.5533,54.8962],[-1.5535,54.8954],[-1.5529,54.8945],[-1.5539,54.8936],[-1.5528,54.8925]]]}},{"type":"Feature","properties":{"lsoa_code":"E01008873","lsoa_name":"Sunderland 010A"},"geometry":{"type":"Polygon","coordinates":[[[-1.5569,54.9178],[-1.5566,54.9178],[-1.5566,54.9182],[-1.5555,54.9184],[-1.5544,54.9164],[-1.552,54.9168],[-1.5521,54.9171],[-1.5511,54.9175],[-1.5501,54.9176],[-1.5502,54.9185],[-1.549,54.9185],[-1.5489,54.9191],[-1.5477,54.9194],[-1.5474,54.9191],[-1.5456,54.9191],[-1.5468,54.9196],[-1.5445,54.9206],[-1.5419,54.9207],[-1.5436,54.9174],[-1.5442,54.9151],[-1.5447,54.9151],[-1.5459,54.9135],[-1.5478,54.9135],[-1.5469,54.9126],[-1.5473,54.9122],[-1.5464,54.9109],[-1.5466,54.9105],[-1.5478,54.9106],[-1.5483,54.91],[-1.5496,54.9096],[-1.5496,54.9093],[-1.5486,54.9092],[-1.5487,54.9084],[-1.5468,54.9084],[-1.5468,54.9077],[-1.546,54.9076],[-1.5455,54.9065],[-1.5464,54.9063],[-1.5471,54.906],[-1.5474,54.9055],[-1.5469,54.9053],[-1.5474,54.9051],[-1.5467,54.9044],[-1.5475,54.9043],[-1.5482,54.9034],[-1.5489,54.901],[-1.5537,54.9005],[-1.5584,54.9003],[-1.5595,54.9027],[-1.5616,54.9046],[-1.5628,54.9051],[-1.5601,54.9063],[-1.5586,54.9065],[-1.5571,54.9079],[-1.5572,54.9094],[-1.5603,54.9146],[-1.5646,54.9189],[-1.5664,54.9217],[-1.5652,54.9218],[-1.5581,54.9187],[-1.5573,54.9185],[-1.5569,54.9178]]]}},{"type":"Feature","properties":{"lsoa_code":"E01008874","lsoa_name":"Sunderland 010B"},"geometry":{"type":"Polygon","coordinates":[[[-1.5331,54.9079],[-1.5337,54.9061],[-1.5326,54.9056],[-1.5328,54.905],[-1.5324,54.9047],[-1.5316,54.9051],[-1.5307,54.9046],[-1.5367,54.9023],[-1.5383,54.9019],[-1.5413,54.9015],[-1.5429,54.9012],[-1.543,54.9018],[-1.5441,54.9018],[-1.5449,54.9034],[-1.546,54.9034],[-1.5459,54.9038],[-1.5453,54.9038],[-1.5434,54.9035],[-1.5425,54.9035],[-1.5422,54.9039],[-1.5421,54.9042],[-1.5415,54.9042],[-1.5398,54.9042],[-1.5401,54.9051],[-1.5399,54.9049],[-1.5393,54.9051],[-1.5383,54.9042],[-1.5376,54.9047],[-1.5374,54.9061],[-1.5364,54.9065],[-1.5374,54.907],[-1.5378,54.9072],[-1.5368,54.9083],[-1.536,54.9081],[-1.535,54.9078],[-1.5334,54.9083],[-1.5331,54.9079]]]}},{"type":"Feature","properties":{"lsoa_code":"E01008875","lsoa_name":"Sunderland 010C"},"geometry":{"type":"Polygon","coordinates":[[[-1.5449,54.9127],[-1.5436,54.9107],[-1.542,54.9106],[-1.5417,54.9098],[-1.5409,54.9098],[-1.5408,54.9119],[-1.5377,54.9118],[-1.538,54.912],[-1.537,54.9124],[-1.5362,54.912],[-1.5366,54.9114],[-1.5371,54.9106],[-1.5385,54.909],[-1.5382,54.9082],[-1.5399,54.9066],[-1.5394,54.9065],[-1.5386,54.9072],[-1.5378,54.9072],[-1.5374,54.907],[-1.5364,54.9065],[-1.5374,54.9061],[-1.5376,54.9047],[-1.5383,54.9042],[-1.5393,54.9051],[-1.5399,54.9049],[-1.5401,54.9051],[-1.5398,54.9042],[-1.5415,54.9042],[-1.5421,54.9042],[-1.5422,54.9039],[-1.5425,54.9035],[-1.5434,54.9035],[-1.5453,54.9038],[-1.5459,54.9038],[-1.546,54.9034],[-1.5449,54.9034],[-1.5441,54.9018],[-1.543,54.9018],[-1.5429,54.9012],[-1.5439,54.9011],[-1.5489,54.901],[-1.5482,54.9034],[-1.5475,54.9043],[-1.5467,54.9044],[-1.5474,54.9051],[-1.5469,54.9053],[-1.5474,54.9055],[-1.5471,54.906],[-1.5464,54.9063],[-1.5455,54.9065],[-1.546,54.9076],[-1.5468,54.9077],[-1.5468,54.9084],[-1.5487,54.9084],[-1.5486,54.9092],[-1.5496,54.9093],[-1.5496,54.9096],[-1.5483,54.91],[-1.5478,54.9106],[-1.5466,54.9105],[-1.5464,54.9109],[-1.5473,54.9122],[-1.5469,54.9126],[-1.5458,54.9123],[-1.5449,54.9127]]]}},{"type":"Feature","properties":{"lsoa_code":"E01008876","lsoa_name":"Sunderland 007C"},"geometry":{"type":"Polygon","coordinates":[[[-1.5274,54.9331],[-1.5212,54.9276],[-1.5193,54.925],[-1.5195,54.9248],[-1.5255,54.9242],[-1.53,54.9223],[-1.5321,54.922],[-1.5315,54.9205],[-1.5311,54.9205],[-1.531,54.919],[-1.531,54.9178],[-1.531,54.9172],[-1.5336,54.9171],[-1.5345,54.9172],[-1.5346,54.9169],[-1.5359,54.9168],[-1.537,54.9169],[-1.536,54.9179],[-1.5366,54.9182],[-1.5374,54.9186],[-1.5374,54.9194],[-1.5377,54.9197],[-1.5374,54.9201],[-1.5398,54.9197],[-1.5414,54.9186],[-1.5411,54.9205],[-1.5411,54.9207],[-1.5417,54.9207],[-1.5419,54.9207],[-1.5445,54.9206],[-1.5468,54.9196],[-1.5456,54.9191],[-1.5474,54.9191],[-1.5477,54.9194],[-1.5478,54.92],[-1.5473,54.9201],[-1.5474,54.9205],[-1.5485,54.9208],[-1.5466,54.9212],[-1.5476,54.9217],[-1.5466,54.922],[-1.5505,54.9257],[-1.5529,54.928],[-1.548,54.9303],[-1.5438,54.9315],[-1.5357,54.9321],[-1.5333,54.9316],[-1.5325,54.9314],[-1.5305,54.9326],[-1.5274,54.9331]]]}},{"type":"Feature","properties":{"lsoa_code":"E01008877","lsoa_name":"Sunderland 007D"},"geometry":{"type":"Polygon","coordinates":[[[-1.5565,54.9299],[-1.5533,54.9277],[-1.5529,54.928],[-1.5505,54.9257],[-1.5466,54.922],[-1.5476,54.9217],[-1.5466,54.9212],[-1.5485,54.9208],[-1.5474,54.9205],[-1.5473,54.9201],[-1.5478,54.92],[-1.5477,54.9194],[-1.5489,54.9191],[-1.549,54.9185],[-1.5502,54.9185],[-1.5501,54.9176],[-1.5511,54.9175],[-1.5521,54.9171],[-1.552,54.9168],[-1.5544,54.9164],[-1.5555,54.9184],[-1.5566,54.9182],[-1.5566,54.9178],[-1.5569,54.9178],[-1.5573,54.9185],[-1.5581,54.9187],[-1.5652,54.9218],[-1.5664,54.9217],[-1.5671,54.9232],[-1.5689,54.9246],[-1.5621,54.9277],[-1.5615,54.9279],[-1.5565,54.9299]]]}},{"type":"Feature","properties":{"lsoa_code":"E01008878","lsoa_name":"Sunderland 009G"},"geometry":{"type":"Polygon","coordinates":[[[-1.537,54.9169],[-1.5359,54.9168],[-1.5346,54.9169],[-1.5348,54.9153],[-1.5351,54.9134],[-1.5388,54.9133],[-1.5393,54.9142],[-1.5401,54.9145],[-1.5396,54.9151],[-1.5402,54.9152],[-1.5407,54.9147],[-1.5417,54.915],[-1.5414,54.9155],[-1.5422,54.9159],[-1.5422,54.9163],[-1.5416,54.9182],[-1.5414,54.9186],[-1.5398,54.9197],[-1.5374,54.9201],[-1.5377,54.9197],[-1.5374,54.9194],[-1.5374,54.9186],[-1.5366,54.9182],[-1.536,54.9179],[-1.537,54.9169]]]}},{"type":"Feature","properties":{"lsoa_code":"E01008879","lsoa_name":"Sunderland 010D"},"geometry":{"type":"Polygon","coordinates":[[[-1.5411,54.9207],[-1.5411,54.9205],[-1.5414,54.9186],[-1.5416,54.9182],[-1.5422,54.9163],[-1.5422,54.9159],[-1.5414,54.9155],[-1.5417,54.915],[-1.5407,54.9147],[-1.5402,54.9152],[-1.5396,54.9151],[-1.5401,54.9145],[-1.5393,54.9142],[-1.5388,54.9133],[-1.5351,54.9134],[-1.5351,54.9131],[-1.5327,54.913],[-1.5305,54.913],[-1.5306,54.9098],[-1.5313,54.9097],[-1.5327,54.9103],[-1.5323,54.9109],[-1.5331,54.9111],[-1.5334,54.9102],[-1.5346,54.9105],[-1.5351,54.9096],[-1.536,54.9081],[-1.5368,54.9083],[-1.5378,54.9072],[-1.5386,54.9072],[-1.5394,54.9065],[-1.5399,54.9066],[-1.5382,54.9082],[-1.5385,54.909],[-1.5371,54.9106],[-1.5366,54.9114],[-1.5362,54.912],[-1.537,54.9124],[-1.538,54.912],[-1.5377,54.9118],[-1.5408,54.9119],[-1.5409,54.9098],[-1.5417,54.9098],[-1.542,54.9106],[-1.5436,54.9107],[-1.5449,54.9127],[-1.5458,54.9123],[-1.5469,54.9126],[-1.5478,54.9135],[-1.5459,54.9135],[-1.5447,54.9151],[-1.5442,54.9151],[-1.5436,54.9174],[-1.5419,54.9207],[-1.5417,54.9207],[-1.5411,54.9207]]]}},{"type":"Feature","properties":{"lsoa_code":"E01008880","lsoa_name":"Sunderland 010E"},"geometry":{"type":"Polygon","coordinates":[[[-1.5327,54.9103],[-1.5313,54.9097],[-1.5306,54.9098],[-1.5306,54.9093],[-1.5287,54.909],[-1.5268,54.9092],[-1.5267,54.9078],[-1.5267,54.9076],[-1.5267,54.9075],[-1.5265,54.9065],[-1.5257,54.9059],[-1.5282,54.9054],[-1.5296,54.905],[-1.5307,54.9046],[-1.5316,54.9051],[-1.5324,54.9047],[-1.5328,54.905],[-1.5326,54.9056],[-1.5337,54.9061],[-1.5331,54.9079],[-1.5334,54.9083],[-1.535,54.9078],[-1.536,54.9081],[-1.5351,54.9096],[-1.5346,54.9105],[-1.5334,54.9102],[-1.5331,54.9111],[-1.5323,54.9109],[-1.5327,54.9103]]]}},{"type":"Feature","properties":{"lsoa_code":"E01032483","lsoa_name":"Sunderland 032F"},"geometry":{"type":"Polygon","coordinates":[[[-1.455,54.8828],[-1.4526,54.8783],[-1.4518,54.8752],[-1.4509,54.8703],[-1.449,54.8672],[-1.4468,54.8652],[-1.4463,54.8648],[-1.451,54.8594],[-1.4535,54.8577],[-1.4554,54.8579],[-1.463,54.8574],[-1.4639,54.859],[-1.4667,54.8591],[-1.4724,54.8581],[-1.473,54.858],[-1.4736,54.8584],[-1.4754,54.8578],[-1.4762,54.8586],[-1.4773,54.8605],[-1.4775,54.8616],[-1.4789,54.8615],[-1.48,54.8621],[-1.481,54.8619],[-1.4813,54.8625],[-1.4828,54.8629],[-1.4836,54.8635],[-1.4833,54.8648],[-1.4847,54.8645],[-1.4855,54.8657],[-1.4846,54.8663],[-1.484,54.8661],[-1.4845,54.8666],[-1.4842,54.8664],[-1.4822,54.8675],[-1.4791,54.8669],[-1.4776,54.868],[-1.4779,54.8689],[-1.4808,54.8686],[-1.4813,54.8689],[-1.4805,54.8693],[-1.4805,54.872],[-1.4764,54.876],[-1.4718,54.8779],[-1.4676,54.8766],[-1.4682,54.8779],[-1.4694,54.879],[-1.4687,54.8791],[-1.4677,54.8786],[-1.4661,54.8784],[-1.4628,54.8789],[-1.456,54.884],[-1.4562,54.8845],[-1.455,54.8828]]]}},{"type":"Feature","properties":{"lsoa_code":"E01032484","lsoa_name":"Sunderland 032G"},"geometry":{"type":"Polygon","coordinates":[[[-1.4554,54.8992],[-1.4558,54.8968],[-1.4576,54.8933],[-1.4583,54.8904],[-1.4583,54.8903],[-1.4583,54.8893],[-1.4573,54.886],[-1.4562,54.8845],[-1.456,54.884],[-1.4628,54.8789],[-1.4661,54.8784],[-1.4677,54.8786],[-1.4687,54.8791],[-1.4694,54.879],[-1.4682,54.8779],[-1.4676,54.8766],[-1.4718,54.8779],[-1.4764,54.876],[-1.4776,54.8756],[-1.4815,54.8774],[-1.4827,54.8782],[-1.4859,54.8759],[-1.4876,54.8742],[-1.4884,54.8745],[-1.489,54.8747],[-1.4907,54.876],[-1.4917,54.8754],[-1.4935,54.8757],[-1.4929,54.8766],[-1.4951,54.877],[-1.4951,54.8777],[-1.4954,54.8786],[-1.4995,54.8784],[-1.5,54.8784],[-1.5001,54.8783],[-1.5009,54.8767],[-1.5019,54.8769],[-1.5026,54.8777],[-1.5039,54.878],[-1.5049,54.8787],[-1.505,54.8809],[-1.5054,54.8813],[-1.5008,54.8868],[-1.4982,54.8874],[-1.4962,54.8883],[-1.4937,54.8907],[-1.4869,54.8923],[-1.4814,54.895],[-1.4769,54.8985],[-1.4738,54.9023],[-1.4727,54.9031],[-1.4692,54.9035],[-1.4672,54.9033],[-1.4648,54.901],[-1.4639,54.8986],[-1.462,54.8981],[-1.4599,54.8987],[-1.4588,54.8999],[-1.4585,54.9031],[-1.4579,54.9039],[-1.4567,54.9024],[-1.4554,54.8992]]]}},{"type":"Feature","properties":{"lsoa_code":"E01033075","lsoa_name":"Sunderland 005G"},"geometry":{"type":"Polygon","coordinates":[[[-1.4007,54.9255],[-1.4002,54.9253],[-1.3981,54.9253],[-1.3981,54.9248],[-1.3964,54.9248],[-1.3962,54.9242],[-1.3957,54.9247],[-1.3942,54.9245],[-1.3937,54.9238],[-1.3941,54.9236],[-1.392,54.9235],[-1.392,54.9225],[-1.393,54.9215],[-1.392,54.9214],[-1.3921,54.9212],[-1.3935,54.921],[-1.3936,54.9203],[-1.3949,54.9204],[-1.395,54.9212],[-1.3954,54.9212],[-1.3954,54.9219],[-1.3959,54.9219],[-1.3968,54.9221],[-1.3969,54.9207],[-1.3977,54.9206],[-1.3977,54.9219],[-1.3993,54.9206],[-1.3997,54.9207],[-1.3998,54.9199],[-1.4008,54.9199],[-1.4004,54.9165],[-1.4027,54.9146],[-1.406,54.9142],[-1.4061,54.9154],[-1.4056,54.9154],[-1.4057,54.9159],[-1.4035,54.916],[-1.4042,54.918],[-1.4064,54.9181],[-1.4062,54.9193],[-1.4064,54.9207],[-1.4067,54.9219],[-1.4069,54.9223],[-1.4063,54.9224],[-1.4063,54.9235],[-1.4065,54.9248],[-1.4026,54.9249],[-1.4032,54.9257],[-1.4013,54.9258],[-1.4007,54.9255]]]}},{"type":"Feature","properties":{"lsoa_code":"E01033076","lsoa_name":"Sunderland 012F"},"geometry":{"type":"Polygon","coordinates":[[[-1.4276,54.9046],[-1.4289,54.9037],[-1.4303,54.9037],[-1.4308,54.9034],[-1.4301,54.903],[-1.4307,54.9025],[-1.4303,54.9024],[-1.4305,54.9021],[-1.4307,54.9018],[-1.432,54.9022],[-1.4345,54.9023],[-1.4346,54.9026],[-1.4353,54.9028],[-1.4367,54.9026],[-1.4365,54.9019],[-1.4375,54.9018],[-1.4375,54.9017],[-1.4396,54.9014],[-1.4404,54.9022],[-1.4401,54.9043],[-1.4377,54.9058],[-1.4376,54.906],[-1.4343,54.9076],[-1.4345,54.908],[-1.4339,54.908],[-1.4288,54.9086],[-1.4285,54.9083],[-1.4282,54.9061],[-1.4276,54.9046]]]}},{"type":"Feature","properties":{"lsoa_code":"E01033077","lsoa_name":"Sunderland 027F"},"geometry":{"type":"Polygon","coordinates":[[[-1.4049,54.8721],[-1.4045,54.8714],[-1.4039,54.8705],[-1.4031,54.8706],[-1.403,54.8704],[-1.403,54.8703],[-1.4029,54.8703],[-1.4025,54.8702],[-1.4018,54.8703],[-1.4016,54.8705],[-1.4007,54.8703],[-1.4007,54.8703],[-1.3997,54.869],[-1.398,54.869],[-1.3973,54.8683],[-1.3986,54.8668],[-1.3994,54.866],[-1.4002,54.8653],[-1.4019,54.8648],[-1.4053,54.8644],[-1.4058,54.8644],[-1.4084,54.8645],[-1.412,54.8654],[-1.4142,54.8655],[-1.4151,54.8655],[-1.4142,54.8671],[-1.4136,54.8668],[-1.4125,54.8668],[-1.4122,54.8672],[-1.4125,54.8676],[-1.4112,54.8679],[-1.4125,54.8681],[-1.4135,54.8703],[-1.4135,54.8704],[-1.4142,54.8707],[-1.4115,54.8713],[-1.4117,54.8716],[-1.4096,54.8714],[-1.4102,54.8721],[-1.4081,54.8721],[-1.4073,54.8717],[-1.4065,54.8718],[-1.4056,54.872],[-1.4058,54.8725],[-1.4046,54.8725],[-1.4049,54.8733],[-1.4038,54.8735],[-1.4032,54.8724],[-1.4049,54.8721]]]}}]}